id,title,description,availability,availability_date,expiration_date,link,mobile_link,image_link,price,sale_price,sale_price_effective_date,identifier_exists,gtin,mpn,brand,product_highlight,product_detail,additional_image_link,condition,adult,color,size,size_type,size_system,gender,material,pattern,age_group,multipack,is bundle,unit_pricing_measure,unit_pricing_base_measure,energy_efficiency_class,min_energy_efficiency_class,max_energy_efficiency,item_group_id,video_link,virtual_model_link,cost_of_goods_sold
260100300303,Cuttens Lava Acid Wash Half Sleeve T-Shirt Black M,"Make a bold statement with the Antariya Cuttens Lava Acid Wash Half Sleeve T-Shirt. Designed for those who appreciate unique streetwear aesthetics, this premium tee features a distinctive acid wash f…",in_stock,,,https://antariyaofficial.com/product/6a4fc00205c5fa842c1a6d5b,,https://res.cloudinary.com/doefhzx01/image/upload/v1786033376/antariya/products/6a15f3ab52b87a00a922c0d9/sotw3ou9numn7wgrhrbx.jpg,1299.00 INR,,,no,,,Antariya,,,"https://res.cloudinary.com/doefhzx01/image/upload/v1786033377/antariya/products/6a15f3ab52b87a00a922c0d9/zvqrefaaa2mqdntmcdhl.jpg,https://res.cloudinary.com/doefhzx01/image/upload/v1786033376/antariya/products/6a15f3ab52b87a00a922c0d9/xongky9mx1vgtky3pa3l.jpg,https://res.cloudinary.com/doefhzx01/image/upload/v1786033376/antariya/products/6a15f3ab52b87a00a922c0d9/tcqozolcf32nnzyi4xnb.jpg,https://res.cloudinary.com/doefhzx01/image/upload/v1786033376/antariya/products/6a15f3ab52b87a00a922c0d9/ic4kowvodtidfjijppxc.png,https://res.cloudinary.com/doefhzx01/image/upload/v1786033376/antariya/products/6a15f3ab52b87a00a922c0d9/tv84wdn7wfheob0iv2z2.png,https://res.cloudinary.com/doefhzx01/image/upload/v1786033376/antariya/products/6a15f3ab52b87a00a922c0d9/ncpdksg8azvbn0sttk5s.png,https://res.cloudinary.com/doefhzx01/image/upload/v1786272288/antariya/products/6a15f3ab52b87a00a922c0d9/taca47wnodxx9s82u6vt.png,https://res.cloudinary.com/doefhzx01/image/upload/v1786033377/antariya/products/6a15f3ab52b87a00a922c0d9/zvqrefaaa2mqdntmcdhl.jpg,https://res.cloudinary.com/doefhzx01/image/upload/v1786033376/antariya/products/6a15f3ab52b87a00a922c0d9/xongky9mx1vgtky3pa3l.jpg,https://res.cloudinary.com/doefhzx01/image/upload/v1786033376/antariya/products/6a15f3ab52b87a00a922c0d9/tcqozolcf32nnzyi4xnb.jpg",new,no,Black,M,,IN,Unisex,,Acid Wash,adult,,,,,,,,6a4fc00205c5fa842c1a6d5b,,,
260100300503,Cuttens Lava Acid Wash Half Sleeve T-Shirt Wine-Pink M,"Make a bold statement with the Antariya Cuttens Lava Acid Wash Half Sleeve T-Shirt. Designed for those who appreciate unique streetwear aesthetics, this premium tee features a distinctive acid wash f…",in_stock,,,https://antariyaofficial.com/product/6a4fc00205c5fa842c1a6d5b,,https://res.cloudinary.com/doefhzx01/image/upload/v1786033376/antariya/products/6a15f3ab52b87a00a922c0d9/sotw3ou9numn7wgrhrbx.jpg,1299.00 INR,,,no,,,Antariya,,,"https://res.cloudinary.com/doefhzx01/image/upload/v1786033377/antariya/products/6a15f3ab52b87a00a922c0d9/zvqrefaaa2mqdntmcdhl.jpg,https://res.cloudinary.com/doefhzx01/image/upload/v1786033376/antariya/products/6a15f3ab52b87a00a922c0d9/xongky9mx1vgtky3pa3l.jpg,https://res.cloudinary.com/doefhzx01/image/upload/v1786033376/antariya/products/6a15f3ab52b87a00a922c0d9/tcqozolcf32nnzyi4xnb.jpg,https://res.cloudinary.com/doefhzx01/image/upload/v1786033376/antariya/products/6a15f3ab52b87a00a922c0d9/ic4kowvodtidfjijppxc.png,https://res.cloudinary.com/doefhzx01/image/upload/v1786033376/antariya/products/6a15f3ab52b87a00a922c0d9/tv84wdn7wfheob0iv2z2.png,https://res.cloudinary.com/doefhzx01/image/upload/v1786033376/antariya/products/6a15f3ab52b87a00a922c0d9/ncpdksg8azvbn0sttk5s.png,https://res.cloudinary.com/doefhzx01/image/upload/v1786272288/antariya/products/6a15f3ab52b87a00a922c0d9/taca47wnodxx9s82u6vt.png,https://res.cloudinary.com/doefhzx01/image/upload/v1786033377/antariya/products/6a15f3ab52b87a00a922c0d9/zvqrefaaa2mqdntmcdhl.jpg,https://res.cloudinary.com/doefhzx01/image/upload/v1786033376/antariya/products/6a15f3ab52b87a00a922c0d9/xongky9mx1vgtky3pa3l.jpg,https://res.cloudinary.com/doefhzx01/image/upload/v1786033376/antariya/products/6a15f3ab52b87a00a922c0d9/tcqozolcf32nnzyi4xnb.jpg",new,no,Wine-Pink,M,,IN,Unisex,,Acid Wash,adult,,,,,,,,6a4fc00205c5fa842c1a6d5b,,,
260100300305,Cuttens Lava Acid Wash Half Sleeve T-Shirt Black XL,"Make a bold statement with the Antariya Cuttens Lava Acid Wash Half Sleeve T-Shirt. Designed for those who appreciate unique streetwear aesthetics, this premium tee features a distinctive acid wash f…",in_stock,,,https://antariyaofficial.com/product/6a4fc00205c5fa842c1a6d5b,,https://res.cloudinary.com/doefhzx01/image/upload/v1786033376/antariya/products/6a15f3ab52b87a00a922c0d9/sotw3ou9numn7wgrhrbx.jpg,1299.00 INR,,,no,,,Antariya,,,"https://res.cloudinary.com/doefhzx01/image/upload/v1786033377/antariya/products/6a15f3ab52b87a00a922c0d9/zvqrefaaa2mqdntmcdhl.jpg,https://res.cloudinary.com/doefhzx01/image/upload/v1786033376/antariya/products/6a15f3ab52b87a00a922c0d9/xongky9mx1vgtky3pa3l.jpg,https://res.cloudinary.com/doefhzx01/image/upload/v1786033376/antariya/products/6a15f3ab52b87a00a922c0d9/tcqozolcf32nnzyi4xnb.jpg,https://res.cloudinary.com/doefhzx01/image/upload/v1786033376/antariya/products/6a15f3ab52b87a00a922c0d9/ic4kowvodtidfjijppxc.png,https://res.cloudinary.com/doefhzx01/image/upload/v1786033376/antariya/products/6a15f3ab52b87a00a922c0d9/tv84wdn7wfheob0iv2z2.png,https://res.cloudinary.com/doefhzx01/image/upload/v1786033376/antariya/products/6a15f3ab52b87a00a922c0d9/ncpdksg8azvbn0sttk5s.png,https://res.cloudinary.com/doefhzx01/image/upload/v1786272288/antariya/products/6a15f3ab52b87a00a922c0d9/taca47wnodxx9s82u6vt.png,https://res.cloudinary.com/doefhzx01/image/upload/v1786033377/antariya/products/6a15f3ab52b87a00a922c0d9/zvqrefaaa2mqdntmcdhl.jpg,https://res.cloudinary.com/doefhzx01/image/upload/v1786033376/antariya/products/6a15f3ab52b87a00a922c0d9/xongky9mx1vgtky3pa3l.jpg,https://res.cloudinary.com/doefhzx01/image/upload/v1786033376/antariya/products/6a15f3ab52b87a00a922c0d9/tcqozolcf32nnzyi4xnb.jpg",new,no,Black,XL,,IN,Unisex,,Acid Wash,adult,,,,,,,,6a4fc00205c5fa842c1a6d5b,,,
260100300505,Cuttens Lava Acid Wash Half Sleeve T-Shirt Wine-Pink XL,"Make a bold statement with the Antariya Cuttens Lava Acid Wash Half Sleeve T-Shirt. Designed for those who appreciate unique streetwear aesthetics, this premium tee features a distinctive acid wash f…",out_of_stock,,,https://antariyaofficial.com/product/6a4fc00205c5fa842c1a6d5b,,https://res.cloudinary.com/doefhzx01/image/upload/v1786033376/antariya/products/6a15f3ab52b87a00a922c0d9/sotw3ou9numn7wgrhrbx.jpg,1299.00 INR,,,no,,,Antariya,,,"https://res.cloudinary.com/doefhzx01/image/upload/v1786033377/antariya/products/6a15f3ab52b87a00a922c0d9/zvqrefaaa2mqdntmcdhl.jpg,https://res.cloudinary.com/doefhzx01/image/upload/v1786033376/antariya/products/6a15f3ab52b87a00a922c0d9/xongky9mx1vgtky3pa3l.jpg,https://res.cloudinary.com/doefhzx01/image/upload/v1786033376/antariya/products/6a15f3ab52b87a00a922c0d9/tcqozolcf32nnzyi4xnb.jpg,https://res.cloudinary.com/doefhzx01/image/upload/v1786033376/antariya/products/6a15f3ab52b87a00a922c0d9/ic4kowvodtidfjijppxc.png,https://res.cloudinary.com/doefhzx01/image/upload/v1786033376/antariya/products/6a15f3ab52b87a00a922c0d9/tv84wdn7wfheob0iv2z2.png,https://res.cloudinary.com/doefhzx01/image/upload/v1786033376/antariya/products/6a15f3ab52b87a00a922c0d9/ncpdksg8azvbn0sttk5s.png,https://res.cloudinary.com/doefhzx01/image/upload/v1786272288/antariya/products/6a15f3ab52b87a00a922c0d9/taca47wnodxx9s82u6vt.png,https://res.cloudinary.com/doefhzx01/image/upload/v1786033377/antariya/products/6a15f3ab52b87a00a922c0d9/zvqrefaaa2mqdntmcdhl.jpg,https://res.cloudinary.com/doefhzx01/image/upload/v1786033376/antariya/products/6a15f3ab52b87a00a922c0d9/xongky9mx1vgtky3pa3l.jpg,https://res.cloudinary.com/doefhzx01/image/upload/v1786033376/antariya/products/6a15f3ab52b87a00a922c0d9/tcqozolcf32nnzyi4xnb.jpg",new,no,Wine-Pink,XL,,IN,Unisex,,Acid Wash,adult,,,,,,,,6a4fc00205c5fa842c1a6d5b,,,
260100300304,Cuttens Lava Acid Wash Half Sleeve T-Shirt Black L,"Make a bold statement with the Antariya Cuttens Lava Acid Wash Half Sleeve T-Shirt. Designed for those who appreciate unique streetwear aesthetics, this premium tee features a distinctive acid wash f…",in_stock,,,https://antariyaofficial.com/product/6a4fc00205c5fa842c1a6d5b,,https://res.cloudinary.com/doefhzx01/image/upload/v1786033376/antariya/products/6a15f3ab52b87a00a922c0d9/sotw3ou9numn7wgrhrbx.jpg,1299.00 INR,,,no,,,Antariya,,,"https://res.cloudinary.com/doefhzx01/image/upload/v1786033377/antariya/products/6a15f3ab52b87a00a922c0d9/zvqrefaaa2mqdntmcdhl.jpg,https://res.cloudinary.com/doefhzx01/image/upload/v1786033376/antariya/products/6a15f3ab52b87a00a922c0d9/xongky9mx1vgtky3pa3l.jpg,https://res.cloudinary.com/doefhzx01/image/upload/v1786033376/antariya/products/6a15f3ab52b87a00a922c0d9/tcqozolcf32nnzyi4xnb.jpg,https://res.cloudinary.com/doefhzx01/image/upload/v1786033376/antariya/products/6a15f3ab52b87a00a922c0d9/ic4kowvodtidfjijppxc.png,https://res.cloudinary.com/doefhzx01/image/upload/v1786033376/antariya/products/6a15f3ab52b87a00a922c0d9/tv84wdn7wfheob0iv2z2.png,https://res.cloudinary.com/doefhzx01/image/upload/v1786033376/antariya/products/6a15f3ab52b87a00a922c0d9/ncpdksg8azvbn0sttk5s.png,https://res.cloudinary.com/doefhzx01/image/upload/v1786272288/antariya/products/6a15f3ab52b87a00a922c0d9/taca47wnodxx9s82u6vt.png,https://res.cloudinary.com/doefhzx01/image/upload/v1786033377/antariya/products/6a15f3ab52b87a00a922c0d9/zvqrefaaa2mqdntmcdhl.jpg,https://res.cloudinary.com/doefhzx01/image/upload/v1786033376/antariya/products/6a15f3ab52b87a00a922c0d9/xongky9mx1vgtky3pa3l.jpg,https://res.cloudinary.com/doefhzx01/image/upload/v1786033376/antariya/products/6a15f3ab52b87a00a922c0d9/tcqozolcf32nnzyi4xnb.jpg",new,no,Black,L,,IN,Unisex,,Acid Wash,adult,,,,,,,,6a4fc00205c5fa842c1a6d5b,,,
260100300504,Cuttens Lava Acid Wash Half Sleeve T-Shirt Wine-Pink L,"Make a bold statement with the Antariya Cuttens Lava Acid Wash Half Sleeve T-Shirt. Designed for those who appreciate unique streetwear aesthetics, this premium tee features a distinctive acid wash f…",in_stock,,,https://antariyaofficial.com/product/6a4fc00205c5fa842c1a6d5b,,https://res.cloudinary.com/doefhzx01/image/upload/v1786033376/antariya/products/6a15f3ab52b87a00a922c0d9/sotw3ou9numn7wgrhrbx.jpg,1299.00 INR,,,no,,,Antariya,,,"https://res.cloudinary.com/doefhzx01/image/upload/v1786033377/antariya/products/6a15f3ab52b87a00a922c0d9/zvqrefaaa2mqdntmcdhl.jpg,https://res.cloudinary.com/doefhzx01/image/upload/v1786033376/antariya/products/6a15f3ab52b87a00a922c0d9/xongky9mx1vgtky3pa3l.jpg,https://res.cloudinary.com/doefhzx01/image/upload/v1786033376/antariya/products/6a15f3ab52b87a00a922c0d9/tcqozolcf32nnzyi4xnb.jpg,https://res.cloudinary.com/doefhzx01/image/upload/v1786033376/antariya/products/6a15f3ab52b87a00a922c0d9/ic4kowvodtidfjijppxc.png,https://res.cloudinary.com/doefhzx01/image/upload/v1786033376/antariya/products/6a15f3ab52b87a00a922c0d9/tv84wdn7wfheob0iv2z2.png,https://res.cloudinary.com/doefhzx01/image/upload/v1786033376/antariya/products/6a15f3ab52b87a00a922c0d9/ncpdksg8azvbn0sttk5s.png,https://res.cloudinary.com/doefhzx01/image/upload/v1786272288/antariya/products/6a15f3ab52b87a00a922c0d9/taca47wnodxx9s82u6vt.png,https://res.cloudinary.com/doefhzx01/image/upload/v1786033377/antariya/products/6a15f3ab52b87a00a922c0d9/zvqrefaaa2mqdntmcdhl.jpg,https://res.cloudinary.com/doefhzx01/image/upload/v1786033376/antariya/products/6a15f3ab52b87a00a922c0d9/xongky9mx1vgtky3pa3l.jpg,https://res.cloudinary.com/doefhzx01/image/upload/v1786033376/antariya/products/6a15f3ab52b87a00a922c0d9/tcqozolcf32nnzyi4xnb.jpg",new,no,Wine-Pink,L,,IN,Unisex,,Acid Wash,adult,,,,,,,,6a4fc00205c5fa842c1a6d5b,,,
260100200302,Dodge Charger Half Sleeve T-Shirt – Black Black S,"Unleash classic American muscle with the Antariya Dodge Charger Half Sleeve T-Shirt. Crafted from 100% premium cotton, this tee delivers exceptional comfort, breathability, and durability for everyda…",in_stock,,,https://antariyaofficial.com/product/6a50112e4c2d17b7419b61af,,https://res.cloudinary.com/doefhzx01/image/upload/v1786076804/antariya/products/6a15f3ab52b87a00a922c0d9/i5zr0iatj9iw9akct7g6.jpg,999.00 INR,,,no,,,Antariya,,,"https://res.cloudinary.com/doefhzx01/image/upload/v1786076804/antariya/products/6a15f3ab52b87a00a922c0d9/yo6hz4sqreiaawejfon1.jpg,https://res.cloudinary.com/doefhzx01/image/upload/v1786076804/antariya/products/6a15f3ab52b87a00a922c0d9/bozravtpzfwzxcjch2g1.jpg,https://res.cloudinary.com/doefhzx01/image/upload/v1786076804/antariya/products/6a15f3ab52b87a00a922c0d9/nosozwjnqrvgxszcscge.jpg,https://res.cloudinary.com/doefhzx01/image/upload/v1786272305/antariya/products/6a15f3ab52b87a00a922c0d9/hvsblfcfxnjwmphuoisi.png,https://res.cloudinary.com/doefhzx01/image/upload/v1786076804/antariya/products/6a15f3ab52b87a00a922c0d9/yo6hz4sqreiaawejfon1.jpg,https://res.cloudinary.com/doefhzx01/image/upload/v1786076804/antariya/products/6a15f3ab52b87a00a922c0d9/bozravtpzfwzxcjch2g1.jpg,https://res.cloudinary.com/doefhzx01/image/upload/v1786076804/antariya/products/6a15f3ab52b87a00a922c0d9/nosozwjnqrvgxszcscge.jpg,https://res.cloudinary.com/doefhzx01/image/upload/v1786272305/antariya/products/6a15f3ab52b87a00a922c0d9/hvsblfcfxnjwmphuoisi.png",new,no,Black,S,,IN,Unisex,,Solid,adult,,,,,,,,6a50112e4c2d17b7419b61af,,,
260100200303,Dodge Charger Half Sleeve T-Shirt – Black Black M,"Unleash classic American muscle with the Antariya Dodge Charger Half Sleeve T-Shirt. Crafted from 100% premium cotton, this tee delivers exceptional comfort, breathability, and durability for everyda…",out_of_stock,,,https://antariyaofficial.com/product/6a50112e4c2d17b7419b61af,,https://res.cloudinary.com/doefhzx01/image/upload/v1786076804/antariya/products/6a15f3ab52b87a00a922c0d9/i5zr0iatj9iw9akct7g6.jpg,999.00 INR,,,no,,,Antariya,,,"https://res.cloudinary.com/doefhzx01/image/upload/v1786076804/antariya/products/6a15f3ab52b87a00a922c0d9/yo6hz4sqreiaawejfon1.jpg,https://res.cloudinary.com/doefhzx01/image/upload/v1786076804/antariya/products/6a15f3ab52b87a00a922c0d9/bozravtpzfwzxcjch2g1.jpg,https://res.cloudinary.com/doefhzx01/image/upload/v1786076804/antariya/products/6a15f3ab52b87a00a922c0d9/nosozwjnqrvgxszcscge.jpg,https://res.cloudinary.com/doefhzx01/image/upload/v1786272305/antariya/products/6a15f3ab52b87a00a922c0d9/hvsblfcfxnjwmphuoisi.png,https://res.cloudinary.com/doefhzx01/image/upload/v1786076804/antariya/products/6a15f3ab52b87a00a922c0d9/yo6hz4sqreiaawejfon1.jpg,https://res.cloudinary.com/doefhzx01/image/upload/v1786076804/antariya/products/6a15f3ab52b87a00a922c0d9/bozravtpzfwzxcjch2g1.jpg,https://res.cloudinary.com/doefhzx01/image/upload/v1786076804/antariya/products/6a15f3ab52b87a00a922c0d9/nosozwjnqrvgxszcscge.jpg,https://res.cloudinary.com/doefhzx01/image/upload/v1786272305/antariya/products/6a15f3ab52b87a00a922c0d9/hvsblfcfxnjwmphuoisi.png",new,no,Black,M,,IN,Unisex,,Solid,adult,,,,,,,,6a50112e4c2d17b7419b61af,,,
260100200304,Dodge Charger Half Sleeve T-Shirt – Black Black L,"Unleash classic American muscle with the Antariya Dodge Charger Half Sleeve T-Shirt. Crafted from 100% premium cotton, this tee delivers exceptional comfort, breathability, and durability for everyda…",in_stock,,,https://antariyaofficial.com/product/6a50112e4c2d17b7419b61af,,https://res.cloudinary.com/doefhzx01/image/upload/v1786076804/antariya/products/6a15f3ab52b87a00a922c0d9/i5zr0iatj9iw9akct7g6.jpg,999.00 INR,,,no,,,Antariya,,,"https://res.cloudinary.com/doefhzx01/image/upload/v1786076804/antariya/products/6a15f3ab52b87a00a922c0d9/yo6hz4sqreiaawejfon1.jpg,https://res.cloudinary.com/doefhzx01/image/upload/v1786076804/antariya/products/6a15f3ab52b87a00a922c0d9/bozravtpzfwzxcjch2g1.jpg,https://res.cloudinary.com/doefhzx01/image/upload/v1786076804/antariya/products/6a15f3ab52b87a00a922c0d9/nosozwjnqrvgxszcscge.jpg,https://res.cloudinary.com/doefhzx01/image/upload/v1786272305/antariya/products/6a15f3ab52b87a00a922c0d9/hvsblfcfxnjwmphuoisi.png,https://res.cloudinary.com/doefhzx01/image/upload/v1786076804/antariya/products/6a15f3ab52b87a00a922c0d9/yo6hz4sqreiaawejfon1.jpg,https://res.cloudinary.com/doefhzx01/image/upload/v1786076804/antariya/products/6a15f3ab52b87a00a922c0d9/bozravtpzfwzxcjch2g1.jpg,https://res.cloudinary.com/doefhzx01/image/upload/v1786076804/antariya/products/6a15f3ab52b87a00a922c0d9/nosozwjnqrvgxszcscge.jpg,https://res.cloudinary.com/doefhzx01/image/upload/v1786272305/antariya/products/6a15f3ab52b87a00a922c0d9/hvsblfcfxnjwmphuoisi.png",new,no,Black,L,,IN,Unisex,,Solid,adult,,,,,,,,6a50112e4c2d17b7419b61af,,,
260100400602,Antariya Premium Full Sleeve Slub Cotton T-Shirt for Men | Regular Fit | Drop Shoulder Light Green S,"Upgrade your everyday wardrobe with the Antariya Premium Full Sleeve Slub Cotton T-Shirt, designed for men who value comfort, quality, and timeless style. Crafted from 100% premium cotton with a refi…",in_stock,,,https://antariyaofficial.com/product/6a53e9f8e8f38cf1f43c3d56,,https://res.cloudinary.com/doefhzx01/image/upload/v1783884279/antariya/products/6a15f3ab52b87a00a922c0d9/blxq4grmb8vboqb2poqs.png,899.00 INR,,,no,,,Antariya,,,"https://res.cloudinary.com/doefhzx01/image/upload/v1783884278/antariya/products/6a15f3ab52b87a00a922c0d9/smpohbsw6plyjazlpgpd.png,https://res.cloudinary.com/doefhzx01/image/upload/v1783884278/antariya/products/6a15f3ab52b87a00a922c0d9/apqzcpz7v7mi3wzhn18r.png,https://res.cloudinary.com/doefhzx01/image/upload/v1783884278/antariya/products/6a15f3ab52b87a00a922c0d9/k5p1lthdp20rqalyuy0t.png,https://res.cloudinary.com/doefhzx01/image/upload/v1783884279/antariya/products/6a15f3ab52b87a00a922c0d9/pbbvdt16sscqh2quhtx2.png,https://res.cloudinary.com/doefhzx01/image/upload/v1783884278/antariya/products/6a15f3ab52b87a00a922c0d9/im8gmxqaphw5rpgcurnf.png,https://res.cloudinary.com/doefhzx01/image/upload/v1786272325/antariya/products/6a15f3ab52b87a00a922c0d9/heofatnuqhqdvk9ked5y.png,https://res.cloudinary.com/doefhzx01/image/upload/v1783884278/antariya/products/6a15f3ab52b87a00a922c0d9/smpohbsw6plyjazlpgpd.png,https://res.cloudinary.com/doefhzx01/image/upload/v1783884278/antariya/products/6a15f3ab52b87a00a922c0d9/apqzcpz7v7mi3wzhn18r.png,https://res.cloudinary.com/doefhzx01/image/upload/v1783884278/antariya/products/6a15f3ab52b87a00a922c0d9/k5p1lthdp20rqalyuy0t.png,https://res.cloudinary.com/doefhzx01/image/upload/v1783884279/antariya/products/6a15f3ab52b87a00a922c0d9/pbbvdt16sscqh2quhtx2.png",new,no,Light Green,S,,IN,Men,,Solid,adult,,,,,,,,6a53e9f8e8f38cf1f43c3d56,,,
260100400402,Antariya Premium Full Sleeve Slub Cotton T-Shirt for Men | Regular Fit | Drop Shoulder White S,"Upgrade your everyday wardrobe with the Antariya Premium Full Sleeve Slub Cotton T-Shirt, designed for men who value comfort, quality, and timeless style. Crafted from 100% premium cotton with a refi…",in_stock,,,https://antariyaofficial.com/product/6a53e9f8e8f38cf1f43c3d56,,https://res.cloudinary.com/doefhzx01/image/upload/v1783884279/antariya/products/6a15f3ab52b87a00a922c0d9/blxq4grmb8vboqb2poqs.png,899.00 INR,,,no,,,Antariya,,,"https://res.cloudinary.com/doefhzx01/image/upload/v1783884278/antariya/products/6a15f3ab52b87a00a922c0d9/smpohbsw6plyjazlpgpd.png,https://res.cloudinary.com/doefhzx01/image/upload/v1783884278/antariya/products/6a15f3ab52b87a00a922c0d9/apqzcpz7v7mi3wzhn18r.png,https://res.cloudinary.com/doefhzx01/image/upload/v1783884278/antariya/products/6a15f3ab52b87a00a922c0d9/k5p1lthdp20rqalyuy0t.png,https://res.cloudinary.com/doefhzx01/image/upload/v1783884279/antariya/products/6a15f3ab52b87a00a922c0d9/pbbvdt16sscqh2quhtx2.png,https://res.cloudinary.com/doefhzx01/image/upload/v1783884278/antariya/products/6a15f3ab52b87a00a922c0d9/im8gmxqaphw5rpgcurnf.png,https://res.cloudinary.com/doefhzx01/image/upload/v1786272325/antariya/products/6a15f3ab52b87a00a922c0d9/heofatnuqhqdvk9ked5y.png,https://res.cloudinary.com/doefhzx01/image/upload/v1783884278/antariya/products/6a15f3ab52b87a00a922c0d9/smpohbsw6plyjazlpgpd.png,https://res.cloudinary.com/doefhzx01/image/upload/v1783884278/antariya/products/6a15f3ab52b87a00a922c0d9/apqzcpz7v7mi3wzhn18r.png,https://res.cloudinary.com/doefhzx01/image/upload/v1783884278/antariya/products/6a15f3ab52b87a00a922c0d9/k5p1lthdp20rqalyuy0t.png,https://res.cloudinary.com/doefhzx01/image/upload/v1783884279/antariya/products/6a15f3ab52b87a00a922c0d9/pbbvdt16sscqh2quhtx2.png",new,no,White,S,,IN,Men,,Solid,adult,,,,,,,,6a53e9f8e8f38cf1f43c3d56,,,
260100400604,Antariya Premium Full Sleeve Slub Cotton T-Shirt for Men | Regular Fit | Drop Shoulder Light Green L,"Upgrade your everyday wardrobe with the Antariya Premium Full Sleeve Slub Cotton T-Shirt, designed for men who value comfort, quality, and timeless style. Crafted from 100% premium cotton with a refi…",in_stock,,,https://antariyaofficial.com/product/6a53e9f8e8f38cf1f43c3d56,,https://res.cloudinary.com/doefhzx01/image/upload/v1783884279/antariya/products/6a15f3ab52b87a00a922c0d9/blxq4grmb8vboqb2poqs.png,899.00 INR,,,no,,,Antariya,,,"https://res.cloudinary.com/doefhzx01/image/upload/v1783884278/antariya/products/6a15f3ab52b87a00a922c0d9/smpohbsw6plyjazlpgpd.png,https://res.cloudinary.com/doefhzx01/image/upload/v1783884278/antariya/products/6a15f3ab52b87a00a922c0d9/apqzcpz7v7mi3wzhn18r.png,https://res.cloudinary.com/doefhzx01/image/upload/v1783884278/antariya/products/6a15f3ab52b87a00a922c0d9/k5p1lthdp20rqalyuy0t.png,https://res.cloudinary.com/doefhzx01/image/upload/v1783884279/antariya/products/6a15f3ab52b87a00a922c0d9/pbbvdt16sscqh2quhtx2.png,https://res.cloudinary.com/doefhzx01/image/upload/v1783884278/antariya/products/6a15f3ab52b87a00a922c0d9/im8gmxqaphw5rpgcurnf.png,https://res.cloudinary.com/doefhzx01/image/upload/v1786272325/antariya/products/6a15f3ab52b87a00a922c0d9/heofatnuqhqdvk9ked5y.png,https://res.cloudinary.com/doefhzx01/image/upload/v1783884278/antariya/products/6a15f3ab52b87a00a922c0d9/smpohbsw6plyjazlpgpd.png,https://res.cloudinary.com/doefhzx01/image/upload/v1783884278/antariya/products/6a15f3ab52b87a00a922c0d9/apqzcpz7v7mi3wzhn18r.png,https://res.cloudinary.com/doefhzx01/image/upload/v1783884278/antariya/products/6a15f3ab52b87a00a922c0d9/k5p1lthdp20rqalyuy0t.png,https://res.cloudinary.com/doefhzx01/image/upload/v1783884279/antariya/products/6a15f3ab52b87a00a922c0d9/pbbvdt16sscqh2quhtx2.png",new,no,Light Green,L,,IN,Men,,Solid,adult,,,,,,,,6a53e9f8e8f38cf1f43c3d56,,,
260100400404,Antariya Premium Full Sleeve Slub Cotton T-Shirt for Men | Regular Fit | Drop Shoulder White L,"Upgrade your everyday wardrobe with the Antariya Premium Full Sleeve Slub Cotton T-Shirt, designed for men who value comfort, quality, and timeless style. Crafted from 100% premium cotton with a refi…",out_of_stock,,,https://antariyaofficial.com/product/6a53e9f8e8f38cf1f43c3d56,,https://res.cloudinary.com/doefhzx01/image/upload/v1783884279/antariya/products/6a15f3ab52b87a00a922c0d9/blxq4grmb8vboqb2poqs.png,899.00 INR,,,no,,,Antariya,,,"https://res.cloudinary.com/doefhzx01/image/upload/v1783884278/antariya/products/6a15f3ab52b87a00a922c0d9/smpohbsw6plyjazlpgpd.png,https://res.cloudinary.com/doefhzx01/image/upload/v1783884278/antariya/products/6a15f3ab52b87a00a922c0d9/apqzcpz7v7mi3wzhn18r.png,https://res.cloudinary.com/doefhzx01/image/upload/v1783884278/antariya/products/6a15f3ab52b87a00a922c0d9/k5p1lthdp20rqalyuy0t.png,https://res.cloudinary.com/doefhzx01/image/upload/v1783884279/antariya/products/6a15f3ab52b87a00a922c0d9/pbbvdt16sscqh2quhtx2.png,https://res.cloudinary.com/doefhzx01/image/upload/v1783884278/antariya/products/6a15f3ab52b87a00a922c0d9/im8gmxqaphw5rpgcurnf.png,https://res.cloudinary.com/doefhzx01/image/upload/v1786272325/antariya/products/6a15f3ab52b87a00a922c0d9/heofatnuqhqdvk9ked5y.png,https://res.cloudinary.com/doefhzx01/image/upload/v1783884278/antariya/products/6a15f3ab52b87a00a922c0d9/smpohbsw6plyjazlpgpd.png,https://res.cloudinary.com/doefhzx01/image/upload/v1783884278/antariya/products/6a15f3ab52b87a00a922c0d9/apqzcpz7v7mi3wzhn18r.png,https://res.cloudinary.com/doefhzx01/image/upload/v1783884278/antariya/products/6a15f3ab52b87a00a922c0d9/k5p1lthdp20rqalyuy0t.png,https://res.cloudinary.com/doefhzx01/image/upload/v1783884279/antariya/products/6a15f3ab52b87a00a922c0d9/pbbvdt16sscqh2quhtx2.png",new,no,White,L,,IN,Men,,Solid,adult,,,,,,,,6a53e9f8e8f38cf1f43c3d56,,,
260100400603,Antariya Premium Full Sleeve Slub Cotton T-Shirt for Men | Regular Fit | Drop Shoulder Light Green M,"Upgrade your everyday wardrobe with the Antariya Premium Full Sleeve Slub Cotton T-Shirt, designed for men who value comfort, quality, and timeless style. Crafted from 100% premium cotton with a refi…",in_stock,,,https://antariyaofficial.com/product/6a53e9f8e8f38cf1f43c3d56,,https://res.cloudinary.com/doefhzx01/image/upload/v1783884279/antariya/products/6a15f3ab52b87a00a922c0d9/blxq4grmb8vboqb2poqs.png,899.00 INR,,,no,,,Antariya,,,"https://res.cloudinary.com/doefhzx01/image/upload/v1783884278/antariya/products/6a15f3ab52b87a00a922c0d9/smpohbsw6plyjazlpgpd.png,https://res.cloudinary.com/doefhzx01/image/upload/v1783884278/antariya/products/6a15f3ab52b87a00a922c0d9/apqzcpz7v7mi3wzhn18r.png,https://res.cloudinary.com/doefhzx01/image/upload/v1783884278/antariya/products/6a15f3ab52b87a00a922c0d9/k5p1lthdp20rqalyuy0t.png,https://res.cloudinary.com/doefhzx01/image/upload/v1783884279/antariya/products/6a15f3ab52b87a00a922c0d9/pbbvdt16sscqh2quhtx2.png,https://res.cloudinary.com/doefhzx01/image/upload/v1783884278/antariya/products/6a15f3ab52b87a00a922c0d9/im8gmxqaphw5rpgcurnf.png,https://res.cloudinary.com/doefhzx01/image/upload/v1786272325/antariya/products/6a15f3ab52b87a00a922c0d9/heofatnuqhqdvk9ked5y.png,https://res.cloudinary.com/doefhzx01/image/upload/v1783884278/antariya/products/6a15f3ab52b87a00a922c0d9/smpohbsw6plyjazlpgpd.png,https://res.cloudinary.com/doefhzx01/image/upload/v1783884278/antariya/products/6a15f3ab52b87a00a922c0d9/apqzcpz7v7mi3wzhn18r.png,https://res.cloudinary.com/doefhzx01/image/upload/v1783884278/antariya/products/6a15f3ab52b87a00a922c0d9/k5p1lthdp20rqalyuy0t.png,https://res.cloudinary.com/doefhzx01/image/upload/v1783884279/antariya/products/6a15f3ab52b87a00a922c0d9/pbbvdt16sscqh2quhtx2.png",new,no,Light Green,M,,IN,Men,,Solid,adult,,,,,,,,6a53e9f8e8f38cf1f43c3d56,,,
260100400403,Antariya Premium Full Sleeve Slub Cotton T-Shirt for Men | Regular Fit | Drop Shoulder White M,"Upgrade your everyday wardrobe with the Antariya Premium Full Sleeve Slub Cotton T-Shirt, designed for men who value comfort, quality, and timeless style. Crafted from 100% premium cotton with a refi…",in_stock,,,https://antariyaofficial.com/product/6a53e9f8e8f38cf1f43c3d56,,https://res.cloudinary.com/doefhzx01/image/upload/v1783884279/antariya/products/6a15f3ab52b87a00a922c0d9/blxq4grmb8vboqb2poqs.png,899.00 INR,,,no,,,Antariya,,,"https://res.cloudinary.com/doefhzx01/image/upload/v1783884278/antariya/products/6a15f3ab52b87a00a922c0d9/smpohbsw6plyjazlpgpd.png,https://res.cloudinary.com/doefhzx01/image/upload/v1783884278/antariya/products/6a15f3ab52b87a00a922c0d9/apqzcpz7v7mi3wzhn18r.png,https://res.cloudinary.com/doefhzx01/image/upload/v1783884278/antariya/products/6a15f3ab52b87a00a922c0d9/k5p1lthdp20rqalyuy0t.png,https://res.cloudinary.com/doefhzx01/image/upload/v1783884279/antariya/products/6a15f3ab52b87a00a922c0d9/pbbvdt16sscqh2quhtx2.png,https://res.cloudinary.com/doefhzx01/image/upload/v1783884278/antariya/products/6a15f3ab52b87a00a922c0d9/im8gmxqaphw5rpgcurnf.png,https://res.cloudinary.com/doefhzx01/image/upload/v1786272325/antariya/products/6a15f3ab52b87a00a922c0d9/heofatnuqhqdvk9ked5y.png,https://res.cloudinary.com/doefhzx01/image/upload/v1783884278/antariya/products/6a15f3ab52b87a00a922c0d9/smpohbsw6plyjazlpgpd.png,https://res.cloudinary.com/doefhzx01/image/upload/v1783884278/antariya/products/6a15f3ab52b87a00a922c0d9/apqzcpz7v7mi3wzhn18r.png,https://res.cloudinary.com/doefhzx01/image/upload/v1783884278/antariya/products/6a15f3ab52b87a00a922c0d9/k5p1lthdp20rqalyuy0t.png,https://res.cloudinary.com/doefhzx01/image/upload/v1783884279/antariya/products/6a15f3ab52b87a00a922c0d9/pbbvdt16sscqh2quhtx2.png",new,no,White,M,,IN,Men,,Solid,adult,,,,,,,,6a53e9f8e8f38cf1f43c3d56,,,
260100500703,Antariya Exotic Edition | Premium Oversized Winter Wear | 100% Cotton (Imported) Streetwear for Men Taupe M,"Discover effortless style with the Antariya Thailand Edition Oversized T-Shirt, designed for those who appreciate modern streetwear and everyday comfort. Crafted from 100% premium cotton, this oversi…",out_of_stock,,,https://antariyaofficial.com/product/6a576e0a97e6252fb1f1e143,,https://res.cloudinary.com/doefhzx01/image/upload/v1784114696/antariya/products/6a15f3ab52b87a00a922c0d9/xiksdgxuzit5yuxbkfcv.png,1099.00 INR,,,no,,,Antariya,,,"https://res.cloudinary.com/doefhzx01/image/upload/v1784114696/antariya/products/6a15f3ab52b87a00a922c0d9/zexlfah5hyzihknwy8vd.png,https://res.cloudinary.com/doefhzx01/image/upload/v1786032091/antariya/products/6a15f3ab52b87a00a922c0d9/bylefvj15bdzvfzfvztp.jpg,https://res.cloudinary.com/doefhzx01/image/upload/v1786033546/antariya/products/6a15f3ab52b87a00a922c0d9/oluh6z97seowkk2muokx.jpg,https://res.cloudinary.com/doefhzx01/image/upload/v1786033546/antariya/products/6a15f3ab52b87a00a922c0d9/tqldq6qlb7luilazg2pi.jpg,https://res.cloudinary.com/doefhzx01/image/upload/v1786033569/antariya/products/6a15f3ab52b87a00a922c0d9/csopvgc6ycngs47nnnpj.jpg,https://res.cloudinary.com/doefhzx01/image/upload/v1786272348/antariya/products/6a15f3ab52b87a00a922c0d9/mbzj8yusqbu65hlckzkp.png,https://res.cloudinary.com/doefhzx01/image/upload/v1784114696/antariya/products/6a15f3ab52b87a00a922c0d9/zexlfah5hyzihknwy8vd.png,https://res.cloudinary.com/doefhzx01/image/upload/v1786032091/antariya/products/6a15f3ab52b87a00a922c0d9/bylefvj15bdzvfzfvztp.jpg,https://res.cloudinary.com/doefhzx01/image/upload/v1786033546/antariya/products/6a15f3ab52b87a00a922c0d9/oluh6z97seowkk2muokx.jpg,https://res.cloudinary.com/doefhzx01/image/upload/v1786033546/antariya/products/6a15f3ab52b87a00a922c0d9/tqldq6qlb7luilazg2pi.jpg",new,no,Taupe,M,,IN,Men,,Solid,adult,,,,,,,,6a576e0a97e6252fb1f1e143,,,
260100500803,Antariya Exotic Edition | Premium Oversized Winter Wear | 100% Cotton (Imported) Streetwear for Men Mocha Brown M,"Discover effortless style with the Antariya Thailand Edition Oversized T-Shirt, designed for those who appreciate modern streetwear and everyday comfort. Crafted from 100% premium cotton, this oversi…",out_of_stock,,,https://antariyaofficial.com/product/6a576e0a97e6252fb1f1e143,,https://res.cloudinary.com/doefhzx01/image/upload/v1784114696/antariya/products/6a15f3ab52b87a00a922c0d9/xiksdgxuzit5yuxbkfcv.png,1099.00 INR,,,no,,,Antariya,,,"https://res.cloudinary.com/doefhzx01/image/upload/v1784114696/antariya/products/6a15f3ab52b87a00a922c0d9/zexlfah5hyzihknwy8vd.png,https://res.cloudinary.com/doefhzx01/image/upload/v1786032091/antariya/products/6a15f3ab52b87a00a922c0d9/bylefvj15bdzvfzfvztp.jpg,https://res.cloudinary.com/doefhzx01/image/upload/v1786033546/antariya/products/6a15f3ab52b87a00a922c0d9/oluh6z97seowkk2muokx.jpg,https://res.cloudinary.com/doefhzx01/image/upload/v1786033546/antariya/products/6a15f3ab52b87a00a922c0d9/tqldq6qlb7luilazg2pi.jpg,https://res.cloudinary.com/doefhzx01/image/upload/v1786033569/antariya/products/6a15f3ab52b87a00a922c0d9/csopvgc6ycngs47nnnpj.jpg,https://res.cloudinary.com/doefhzx01/image/upload/v1786272348/antariya/products/6a15f3ab52b87a00a922c0d9/mbzj8yusqbu65hlckzkp.png,https://res.cloudinary.com/doefhzx01/image/upload/v1784114696/antariya/products/6a15f3ab52b87a00a922c0d9/zexlfah5hyzihknwy8vd.png,https://res.cloudinary.com/doefhzx01/image/upload/v1786032091/antariya/products/6a15f3ab52b87a00a922c0d9/bylefvj15bdzvfzfvztp.jpg,https://res.cloudinary.com/doefhzx01/image/upload/v1786033546/antariya/products/6a15f3ab52b87a00a922c0d9/oluh6z97seowkk2muokx.jpg,https://res.cloudinary.com/doefhzx01/image/upload/v1786033546/antariya/products/6a15f3ab52b87a00a922c0d9/tqldq6qlb7luilazg2pi.jpg",new,no,Mocha Brown,M,,IN,Men,,Solid,adult,,,,,,,,6a576e0a97e6252fb1f1e143,,,
260100500704,Antariya Exotic Edition | Premium Oversized Winter Wear | 100% Cotton (Imported) Streetwear for Men Taupe L,"Discover effortless style with the Antariya Thailand Edition Oversized T-Shirt, designed for those who appreciate modern streetwear and everyday comfort. Crafted from 100% premium cotton, this oversi…",out_of_stock,,,https://antariyaofficial.com/product/6a576e0a97e6252fb1f1e143,,https://res.cloudinary.com/doefhzx01/image/upload/v1784114696/antariya/products/6a15f3ab52b87a00a922c0d9/xiksdgxuzit5yuxbkfcv.png,1099.00 INR,,,no,,,Antariya,,,"https://res.cloudinary.com/doefhzx01/image/upload/v1784114696/antariya/products/6a15f3ab52b87a00a922c0d9/zexlfah5hyzihknwy8vd.png,https://res.cloudinary.com/doefhzx01/image/upload/v1786032091/antariya/products/6a15f3ab52b87a00a922c0d9/bylefvj15bdzvfzfvztp.jpg,https://res.cloudinary.com/doefhzx01/image/upload/v1786033546/antariya/products/6a15f3ab52b87a00a922c0d9/oluh6z97seowkk2muokx.jpg,https://res.cloudinary.com/doefhzx01/image/upload/v1786033546/antariya/products/6a15f3ab52b87a00a922c0d9/tqldq6qlb7luilazg2pi.jpg,https://res.cloudinary.com/doefhzx01/image/upload/v1786033569/antariya/products/6a15f3ab52b87a00a922c0d9/csopvgc6ycngs47nnnpj.jpg,https://res.cloudinary.com/doefhzx01/image/upload/v1786272348/antariya/products/6a15f3ab52b87a00a922c0d9/mbzj8yusqbu65hlckzkp.png,https://res.cloudinary.com/doefhzx01/image/upload/v1784114696/antariya/products/6a15f3ab52b87a00a922c0d9/zexlfah5hyzihknwy8vd.png,https://res.cloudinary.com/doefhzx01/image/upload/v1786032091/antariya/products/6a15f3ab52b87a00a922c0d9/bylefvj15bdzvfzfvztp.jpg,https://res.cloudinary.com/doefhzx01/image/upload/v1786033546/antariya/products/6a15f3ab52b87a00a922c0d9/oluh6z97seowkk2muokx.jpg,https://res.cloudinary.com/doefhzx01/image/upload/v1786033546/antariya/products/6a15f3ab52b87a00a922c0d9/tqldq6qlb7luilazg2pi.jpg",new,no,Taupe,L,,IN,Men,,Solid,adult,,,,,,,,6a576e0a97e6252fb1f1e143,,,
260100500804,Antariya Exotic Edition | Premium Oversized Winter Wear | 100% Cotton (Imported) Streetwear for Men Mocha Brown L,"Discover effortless style with the Antariya Thailand Edition Oversized T-Shirt, designed for those who appreciate modern streetwear and everyday comfort. Crafted from 100% premium cotton, this oversi…",in_stock,,,https://antariyaofficial.com/product/6a576e0a97e6252fb1f1e143,,https://res.cloudinary.com/doefhzx01/image/upload/v1784114696/antariya/products/6a15f3ab52b87a00a922c0d9/xiksdgxuzit5yuxbkfcv.png,1099.00 INR,,,no,,,Antariya,,,"https://res.cloudinary.com/doefhzx01/image/upload/v1784114696/antariya/products/6a15f3ab52b87a00a922c0d9/zexlfah5hyzihknwy8vd.png,https://res.cloudinary.com/doefhzx01/image/upload/v1786032091/antariya/products/6a15f3ab52b87a00a922c0d9/bylefvj15bdzvfzfvztp.jpg,https://res.cloudinary.com/doefhzx01/image/upload/v1786033546/antariya/products/6a15f3ab52b87a00a922c0d9/oluh6z97seowkk2muokx.jpg,https://res.cloudinary.com/doefhzx01/image/upload/v1786033546/antariya/products/6a15f3ab52b87a00a922c0d9/tqldq6qlb7luilazg2pi.jpg,https://res.cloudinary.com/doefhzx01/image/upload/v1786033569/antariya/products/6a15f3ab52b87a00a922c0d9/csopvgc6ycngs47nnnpj.jpg,https://res.cloudinary.com/doefhzx01/image/upload/v1786272348/antariya/products/6a15f3ab52b87a00a922c0d9/mbzj8yusqbu65hlckzkp.png,https://res.cloudinary.com/doefhzx01/image/upload/v1784114696/antariya/products/6a15f3ab52b87a00a922c0d9/zexlfah5hyzihknwy8vd.png,https://res.cloudinary.com/doefhzx01/image/upload/v1786032091/antariya/products/6a15f3ab52b87a00a922c0d9/bylefvj15bdzvfzfvztp.jpg,https://res.cloudinary.com/doefhzx01/image/upload/v1786033546/antariya/products/6a15f3ab52b87a00a922c0d9/oluh6z97seowkk2muokx.jpg,https://res.cloudinary.com/doefhzx01/image/upload/v1786033546/antariya/products/6a15f3ab52b87a00a922c0d9/tqldq6qlb7luilazg2pi.jpg",new,no,Mocha Brown,L,,IN,Men,,Solid,adult,,,,,,,,6a576e0a97e6252fb1f1e143,,,
260100500705,Antariya Exotic Edition | Premium Oversized Winter Wear | 100% Cotton (Imported) Streetwear for Men Taupe XL,"Discover effortless style with the Antariya Thailand Edition Oversized T-Shirt, designed for those who appreciate modern streetwear and everyday comfort. Crafted from 100% premium cotton, this oversi…",in_stock,,,https://antariyaofficial.com/product/6a576e0a97e6252fb1f1e143,,https://res.cloudinary.com/doefhzx01/image/upload/v1784114696/antariya/products/6a15f3ab52b87a00a922c0d9/xiksdgxuzit5yuxbkfcv.png,1099.00 INR,,,no,,,Antariya,,,"https://res.cloudinary.com/doefhzx01/image/upload/v1784114696/antariya/products/6a15f3ab52b87a00a922c0d9/zexlfah5hyzihknwy8vd.png,https://res.cloudinary.com/doefhzx01/image/upload/v1786032091/antariya/products/6a15f3ab52b87a00a922c0d9/bylefvj15bdzvfzfvztp.jpg,https://res.cloudinary.com/doefhzx01/image/upload/v1786033546/antariya/products/6a15f3ab52b87a00a922c0d9/oluh6z97seowkk2muokx.jpg,https://res.cloudinary.com/doefhzx01/image/upload/v1786033546/antariya/products/6a15f3ab52b87a00a922c0d9/tqldq6qlb7luilazg2pi.jpg,https://res.cloudinary.com/doefhzx01/image/upload/v1786033569/antariya/products/6a15f3ab52b87a00a922c0d9/csopvgc6ycngs47nnnpj.jpg,https://res.cloudinary.com/doefhzx01/image/upload/v1786272348/antariya/products/6a15f3ab52b87a00a922c0d9/mbzj8yusqbu65hlckzkp.png,https://res.cloudinary.com/doefhzx01/image/upload/v1784114696/antariya/products/6a15f3ab52b87a00a922c0d9/zexlfah5hyzihknwy8vd.png,https://res.cloudinary.com/doefhzx01/image/upload/v1786032091/antariya/products/6a15f3ab52b87a00a922c0d9/bylefvj15bdzvfzfvztp.jpg,https://res.cloudinary.com/doefhzx01/image/upload/v1786033546/antariya/products/6a15f3ab52b87a00a922c0d9/oluh6z97seowkk2muokx.jpg,https://res.cloudinary.com/doefhzx01/image/upload/v1786033546/antariya/products/6a15f3ab52b87a00a922c0d9/tqldq6qlb7luilazg2pi.jpg",new,no,Taupe,XL,,IN,Men,,Solid,adult,,,,,,,,6a576e0a97e6252fb1f1e143,,,
260100500805,Antariya Exotic Edition | Premium Oversized Winter Wear | 100% Cotton (Imported) Streetwear for Men Mocha Brown XL,"Discover effortless style with the Antariya Thailand Edition Oversized T-Shirt, designed for those who appreciate modern streetwear and everyday comfort. Crafted from 100% premium cotton, this oversi…",in_stock,,,https://antariyaofficial.com/product/6a576e0a97e6252fb1f1e143,,https://res.cloudinary.com/doefhzx01/image/upload/v1784114696/antariya/products/6a15f3ab52b87a00a922c0d9/xiksdgxuzit5yuxbkfcv.png,1099.00 INR,,,no,,,Antariya,,,"https://res.cloudinary.com/doefhzx01/image/upload/v1784114696/antariya/products/6a15f3ab52b87a00a922c0d9/zexlfah5hyzihknwy8vd.png,https://res.cloudinary.com/doefhzx01/image/upload/v1786032091/antariya/products/6a15f3ab52b87a00a922c0d9/bylefvj15bdzvfzfvztp.jpg,https://res.cloudinary.com/doefhzx01/image/upload/v1786033546/antariya/products/6a15f3ab52b87a00a922c0d9/oluh6z97seowkk2muokx.jpg,https://res.cloudinary.com/doefhzx01/image/upload/v1786033546/antariya/products/6a15f3ab52b87a00a922c0d9/tqldq6qlb7luilazg2pi.jpg,https://res.cloudinary.com/doefhzx01/image/upload/v1786033569/antariya/products/6a15f3ab52b87a00a922c0d9/csopvgc6ycngs47nnnpj.jpg,https://res.cloudinary.com/doefhzx01/image/upload/v1786272348/antariya/products/6a15f3ab52b87a00a922c0d9/mbzj8yusqbu65hlckzkp.png,https://res.cloudinary.com/doefhzx01/image/upload/v1784114696/antariya/products/6a15f3ab52b87a00a922c0d9/zexlfah5hyzihknwy8vd.png,https://res.cloudinary.com/doefhzx01/image/upload/v1786032091/antariya/products/6a15f3ab52b87a00a922c0d9/bylefvj15bdzvfzfvztp.jpg,https://res.cloudinary.com/doefhzx01/image/upload/v1786033546/antariya/products/6a15f3ab52b87a00a922c0d9/oluh6z97seowkk2muokx.jpg,https://res.cloudinary.com/doefhzx01/image/upload/v1786033546/antariya/products/6a15f3ab52b87a00a922c0d9/tqldq6qlb7luilazg2pi.jpg",new,no,Mocha Brown,XL,,IN,Men,,Solid,adult,,,,,,,,6a576e0a97e6252fb1f1e143,,,
260100600402,Somebody's Watchin' Me Full Sleeve T-Shirt | Premium Combed Cotton Tees | Oversized Streetwear White S,"Make a bold statement with the Antariya Somebody's Watchin' Me Full Sleeve T-Shirt, where expressive typography meets contemporary streetwear. Crafted from premium imported fabric, this oversized tee…",in_stock,,,https://antariyaofficial.com/product/6a579c1097e6252fb1f1e87b,,https://res.cloudinary.com/doefhzx01/image/upload/v1786033839/antariya/products/6a15f3ab52b87a00a922c0d9/sbobrgugj3rfrvwptfg7.jpg,849.00 INR,,,no,,,Antariya,,,"https://res.cloudinary.com/doefhzx01/image/upload/v1786033839/antariya/products/6a15f3ab52b87a00a922c0d9/diuxacu3ff35wdaoslrc.jpg,https://res.cloudinary.com/doefhzx01/image/upload/v1786033839/antariya/products/6a15f3ab52b87a00a922c0d9/st2ntos8cer3p0va3sx2.jpg,https://res.cloudinary.com/doefhzx01/image/upload/v1786033839/antariya/products/6a15f3ab52b87a00a922c0d9/iev0llnqiz54eh57qhw4.jpg,https://res.cloudinary.com/doefhzx01/image/upload/v1786033839/antariya/products/6a15f3ab52b87a00a922c0d9/tuh6sofhnzjteoi25w53.png,https://res.cloudinary.com/doefhzx01/image/upload/v1786272371/antariya/products/6a15f3ab52b87a00a922c0d9/v61ubwjs0ucrrr1oqb1l.png,https://res.cloudinary.com/doefhzx01/image/upload/v1786033839/antariya/products/6a15f3ab52b87a00a922c0d9/diuxacu3ff35wdaoslrc.jpg,https://res.cloudinary.com/doefhzx01/image/upload/v1786033839/antariya/products/6a15f3ab52b87a00a922c0d9/st2ntos8cer3p0va3sx2.jpg,https://res.cloudinary.com/doefhzx01/image/upload/v1786033839/antariya/products/6a15f3ab52b87a00a922c0d9/iev0llnqiz54eh57qhw4.jpg,https://res.cloudinary.com/doefhzx01/image/upload/v1786033839/antariya/products/6a15f3ab52b87a00a922c0d9/tuh6sofhnzjteoi25w53.png,https://res.cloudinary.com/doefhzx01/image/upload/v1786272371/antariya/products/6a15f3ab52b87a00a922c0d9/v61ubwjs0ucrrr1oqb1l.png",new,no,White,S,,IN,Unisex,,Solid,adult,,,,,,,,6a579c1097e6252fb1f1e87b,,,
260100600403,Somebody's Watchin' Me Full Sleeve T-Shirt | Premium Combed Cotton Tees | Oversized Streetwear White M,"Make a bold statement with the Antariya Somebody's Watchin' Me Full Sleeve T-Shirt, where expressive typography meets contemporary streetwear. Crafted from premium imported fabric, this oversized tee…",in_stock,,,https://antariyaofficial.com/product/6a579c1097e6252fb1f1e87b,,https://res.cloudinary.com/doefhzx01/image/upload/v1786033839/antariya/products/6a15f3ab52b87a00a922c0d9/sbobrgugj3rfrvwptfg7.jpg,849.00 INR,,,no,,,Antariya,,,"https://res.cloudinary.com/doefhzx01/image/upload/v1786033839/antariya/products/6a15f3ab52b87a00a922c0d9/diuxacu3ff35wdaoslrc.jpg,https://res.cloudinary.com/doefhzx01/image/upload/v1786033839/antariya/products/6a15f3ab52b87a00a922c0d9/st2ntos8cer3p0va3sx2.jpg,https://res.cloudinary.com/doefhzx01/image/upload/v1786033839/antariya/products/6a15f3ab52b87a00a922c0d9/iev0llnqiz54eh57qhw4.jpg,https://res.cloudinary.com/doefhzx01/image/upload/v1786033839/antariya/products/6a15f3ab52b87a00a922c0d9/tuh6sofhnzjteoi25w53.png,https://res.cloudinary.com/doefhzx01/image/upload/v1786272371/antariya/products/6a15f3ab52b87a00a922c0d9/v61ubwjs0ucrrr1oqb1l.png,https://res.cloudinary.com/doefhzx01/image/upload/v1786033839/antariya/products/6a15f3ab52b87a00a922c0d9/diuxacu3ff35wdaoslrc.jpg,https://res.cloudinary.com/doefhzx01/image/upload/v1786033839/antariya/products/6a15f3ab52b87a00a922c0d9/st2ntos8cer3p0va3sx2.jpg,https://res.cloudinary.com/doefhzx01/image/upload/v1786033839/antariya/products/6a15f3ab52b87a00a922c0d9/iev0llnqiz54eh57qhw4.jpg,https://res.cloudinary.com/doefhzx01/image/upload/v1786033839/antariya/products/6a15f3ab52b87a00a922c0d9/tuh6sofhnzjteoi25w53.png,https://res.cloudinary.com/doefhzx01/image/upload/v1786272371/antariya/products/6a15f3ab52b87a00a922c0d9/v61ubwjs0ucrrr1oqb1l.png",new,no,White,M,,IN,Unisex,,Solid,adult,,,,,,,,6a579c1097e6252fb1f1e87b,,,
260100600404,Somebody's Watchin' Me Full Sleeve T-Shirt | Premium Combed Cotton Tees | Oversized Streetwear White L,"Make a bold statement with the Antariya Somebody's Watchin' Me Full Sleeve T-Shirt, where expressive typography meets contemporary streetwear. Crafted from premium imported fabric, this oversized tee…",in_stock,,,https://antariyaofficial.com/product/6a579c1097e6252fb1f1e87b,,https://res.cloudinary.com/doefhzx01/image/upload/v1786033839/antariya/products/6a15f3ab52b87a00a922c0d9/sbobrgugj3rfrvwptfg7.jpg,849.00 INR,,,no,,,Antariya,,,"https://res.cloudinary.com/doefhzx01/image/upload/v1786033839/antariya/products/6a15f3ab52b87a00a922c0d9/diuxacu3ff35wdaoslrc.jpg,https://res.cloudinary.com/doefhzx01/image/upload/v1786033839/antariya/products/6a15f3ab52b87a00a922c0d9/st2ntos8cer3p0va3sx2.jpg,https://res.cloudinary.com/doefhzx01/image/upload/v1786033839/antariya/products/6a15f3ab52b87a00a922c0d9/iev0llnqiz54eh57qhw4.jpg,https://res.cloudinary.com/doefhzx01/image/upload/v1786033839/antariya/products/6a15f3ab52b87a00a922c0d9/tuh6sofhnzjteoi25w53.png,https://res.cloudinary.com/doefhzx01/image/upload/v1786272371/antariya/products/6a15f3ab52b87a00a922c0d9/v61ubwjs0ucrrr1oqb1l.png,https://res.cloudinary.com/doefhzx01/image/upload/v1786033839/antariya/products/6a15f3ab52b87a00a922c0d9/diuxacu3ff35wdaoslrc.jpg,https://res.cloudinary.com/doefhzx01/image/upload/v1786033839/antariya/products/6a15f3ab52b87a00a922c0d9/st2ntos8cer3p0va3sx2.jpg,https://res.cloudinary.com/doefhzx01/image/upload/v1786033839/antariya/products/6a15f3ab52b87a00a922c0d9/iev0llnqiz54eh57qhw4.jpg,https://res.cloudinary.com/doefhzx01/image/upload/v1786033839/antariya/products/6a15f3ab52b87a00a922c0d9/tuh6sofhnzjteoi25w53.png,https://res.cloudinary.com/doefhzx01/image/upload/v1786272371/antariya/products/6a15f3ab52b87a00a922c0d9/v61ubwjs0ucrrr1oqb1l.png",new,no,White,L,,IN,Unisex,,Solid,adult,,,,,,,,6a579c1097e6252fb1f1e87b,,,
260200000007,Custom Computer Embroidery (upto 4 inch),"Bring your ideas to life with Antariya's premium custom computer embroidery . Upload any logo, artwork, name, or design , and we'll transform it into precision-stitched embroidery on T-shirts, Shirts…",in_stock,,,https://antariyaofficial.com/product/6a6456ec88eee02a30d465ba,,https://res.cloudinary.com/doefhzx01/image/upload/v1786985078/antariya/products/6a15f3ab52b87a00a922c0d9/zs2znnxx4sbejqp9avni.png,449.00 INR,,,no,,,Antariya,,,"https://res.cloudinary.com/doefhzx01/image/upload/v1787023119/antariya/products/6a15f3ab52b87a00a922c0d9/e0ewltu0v9gsa8jbq4am.png,https://res.cloudinary.com/doefhzx01/image/upload/v1787023119/antariya/products/6a15f3ab52b87a00a922c0d9/e0ewltu0v9gsa8jbq4am.png",new,no,,,,IN,Unisex,,Solid,adult,,,,,,,,6a6456ec88eee02a30d465ba,,,
260200000007,Custom Computer Embroidery (upto 4 inch),"Bring your ideas to life with Antariya's premium custom computer embroidery . Upload any logo, artwork, name, or design , and we'll transform it into precision-stitched embroidery on T-shirts, Shirts…",in_stock,,,https://antariyaofficial.com/product/6a6456ec88eee02a30d465ba,,https://res.cloudinary.com/doefhzx01/image/upload/v1786985078/antariya/products/6a15f3ab52b87a00a922c0d9/zs2znnxx4sbejqp9avni.png,449.00 INR,,,no,,,Antariya,,,"https://res.cloudinary.com/doefhzx01/image/upload/v1787023119/antariya/products/6a15f3ab52b87a00a922c0d9/e0ewltu0v9gsa8jbq4am.png,https://res.cloudinary.com/doefhzx01/image/upload/v1787023119/antariya/products/6a15f3ab52b87a00a922c0d9/e0ewltu0v9gsa8jbq4am.png",new,no,,,,IN,Women,,Solid,adult,,,,,,,,6a6456ec88eee02a30d465ba,,,
260200000007,Custom Computer Embroidery (upto 4 inch),"Bring your ideas to life with Antariya's premium custom computer embroidery . Upload any logo, artwork, name, or design , and we'll transform it into precision-stitched embroidery on T-shirts, Shirts…",in_stock,,,https://antariyaofficial.com/product/6a6456ec88eee02a30d465ba,,https://res.cloudinary.com/doefhzx01/image/upload/v1786985078/antariya/products/6a15f3ab52b87a00a922c0d9/zs2znnxx4sbejqp9avni.png,449.00 INR,,,no,,,Antariya,,,"https://res.cloudinary.com/doefhzx01/image/upload/v1787023119/antariya/products/6a15f3ab52b87a00a922c0d9/e0ewltu0v9gsa8jbq4am.png,https://res.cloudinary.com/doefhzx01/image/upload/v1787023119/antariya/products/6a15f3ab52b87a00a922c0d9/e0ewltu0v9gsa8jbq4am.png",new,no,,,,IN,Men,,Solid,adult,,,,,,,,6a6456ec88eee02a30d465ba,,,
260200000007-1,Custom Computer Embroidery (4 to 6 inch),"Bring your ideas to life with Antariya's premium custom computer embroidery . Upload any logo, artwork, name, or design , and we'll transform it into precision-stitched embroidery on T-shirts, Shirts…",in_stock,,,https://antariyaofficial.com/product/6a64585f88eee02a30d466bc,,https://res.cloudinary.com/doefhzx01/image/upload/v1786985042/antariya/products/6a15f3ab52b87a00a922c0d9/pqe0cmn0zgmathqw5ort.png,649.00 INR,,,no,,,Antariya,,,"https://res.cloudinary.com/doefhzx01/image/upload/v1787023156/antariya/products/6a15f3ab52b87a00a922c0d9/lupuywq7ydb4goiep2cy.png,https://res.cloudinary.com/doefhzx01/image/upload/v1787023156/antariya/products/6a15f3ab52b87a00a922c0d9/lupuywq7ydb4goiep2cy.png",new,no,,,,IN,Unisex,,Custom embroidery,adult,,,,,,,,6a64585f88eee02a30d466bc,,,
260200000007-1,Custom Computer Embroidery (4 to 6 inch),"Bring your ideas to life with Antariya's premium custom computer embroidery . Upload any logo, artwork, name, or design , and we'll transform it into precision-stitched embroidery on T-shirts, Shirts…",in_stock,,,https://antariyaofficial.com/product/6a64585f88eee02a30d466bc,,https://res.cloudinary.com/doefhzx01/image/upload/v1786985042/antariya/products/6a15f3ab52b87a00a922c0d9/pqe0cmn0zgmathqw5ort.png,649.00 INR,,,no,,,Antariya,,,"https://res.cloudinary.com/doefhzx01/image/upload/v1787023156/antariya/products/6a15f3ab52b87a00a922c0d9/lupuywq7ydb4goiep2cy.png,https://res.cloudinary.com/doefhzx01/image/upload/v1787023156/antariya/products/6a15f3ab52b87a00a922c0d9/lupuywq7ydb4goiep2cy.png",new,no,,,,IN,Men,,Custom embroidery,adult,,,,,,,,6a64585f88eee02a30d466bc,,,
260200000007-1,Custom Computer Embroidery (4 to 6 inch),"Bring your ideas to life with Antariya's premium custom computer embroidery . Upload any logo, artwork, name, or design , and we'll transform it into precision-stitched embroidery on T-shirts, Shirts…",in_stock,,,https://antariyaofficial.com/product/6a64585f88eee02a30d466bc,,https://res.cloudinary.com/doefhzx01/image/upload/v1786985042/antariya/products/6a15f3ab52b87a00a922c0d9/pqe0cmn0zgmathqw5ort.png,649.00 INR,,,no,,,Antariya,,,"https://res.cloudinary.com/doefhzx01/image/upload/v1787023156/antariya/products/6a15f3ab52b87a00a922c0d9/lupuywq7ydb4goiep2cy.png,https://res.cloudinary.com/doefhzx01/image/upload/v1787023156/antariya/products/6a15f3ab52b87a00a922c0d9/lupuywq7ydb4goiep2cy.png",new,no,,,,IN,Women,,Custom embroidery,adult,,,,,,,,6a64585f88eee02a30d466bc,,,
260200000007-2,Custom Computer Embroidery (6 - 8 inch),"Bring your ideas to life with Antariya's premium custom computer embroidery . Upload any logo, artwork, name, or design , and we'll transform it into precision-stitched embroidery on T-shirts, Shirts…",in_stock,,,https://antariyaofficial.com/product/6a645aed88eee02a30d467dd,,https://res.cloudinary.com/doefhzx01/image/upload/v1786985110/antariya/products/6a15f3ab52b87a00a922c0d9/glinso2qhunzext0pjhj.png,849.00 INR,,,no,,,Antariya,,,"https://res.cloudinary.com/doefhzx01/image/upload/v1787023097/antariya/products/6a15f3ab52b87a00a922c0d9/liyboo8k6uwwrzyebqyw.png,https://res.cloudinary.com/doefhzx01/image/upload/v1787023097/antariya/products/6a15f3ab52b87a00a922c0d9/liyboo8k6uwwrzyebqyw.png",new,no,,,,IN,Men,,Solid,adult,,,,,,,,6a645aed88eee02a30d467dd,,,
260200000007-2,Custom Computer Embroidery (6 - 8 inch),"Bring your ideas to life with Antariya's premium custom computer embroidery . Upload any logo, artwork, name, or design , and we'll transform it into precision-stitched embroidery on T-shirts, Shirts…",in_stock,,,https://antariyaofficial.com/product/6a645aed88eee02a30d467dd,,https://res.cloudinary.com/doefhzx01/image/upload/v1786985110/antariya/products/6a15f3ab52b87a00a922c0d9/glinso2qhunzext0pjhj.png,849.00 INR,,,no,,,Antariya,,,"https://res.cloudinary.com/doefhzx01/image/upload/v1787023097/antariya/products/6a15f3ab52b87a00a922c0d9/liyboo8k6uwwrzyebqyw.png,https://res.cloudinary.com/doefhzx01/image/upload/v1787023097/antariya/products/6a15f3ab52b87a00a922c0d9/liyboo8k6uwwrzyebqyw.png",new,no,,,,IN,Women,,Solid,adult,,,,,,,,6a645aed88eee02a30d467dd,,,
260200000007-2,Custom Computer Embroidery (6 - 8 inch),"Bring your ideas to life with Antariya's premium custom computer embroidery . Upload any logo, artwork, name, or design , and we'll transform it into precision-stitched embroidery on T-shirts, Shirts…",in_stock,,,https://antariyaofficial.com/product/6a645aed88eee02a30d467dd,,https://res.cloudinary.com/doefhzx01/image/upload/v1786985110/antariya/products/6a15f3ab52b87a00a922c0d9/glinso2qhunzext0pjhj.png,849.00 INR,,,no,,,Antariya,,,"https://res.cloudinary.com/doefhzx01/image/upload/v1787023097/antariya/products/6a15f3ab52b87a00a922c0d9/liyboo8k6uwwrzyebqyw.png,https://res.cloudinary.com/doefhzx01/image/upload/v1787023097/antariya/products/6a15f3ab52b87a00a922c0d9/liyboo8k6uwwrzyebqyw.png",new,no,,,,IN,Unisex,,Solid,adult,,,,,,,,6a645aed88eee02a30d467dd,,,
260200000007-3,Custom Computer Embroidery (9 - 12 inch),"Bring your ideas to life with Antariya's premium custom computer embroidery . Upload any logo, artwork, name, or design , and we'll transform it into precision-stitched embroidery on T-shirts, Shirts…",in_stock,,,https://antariyaofficial.com/product/6a645c7288eee02a30d46864,,https://res.cloudinary.com/doefhzx01/image/upload/v1786985147/antariya/products/6a15f3ab52b87a00a922c0d9/nh3acf3jvxc0drdnespt.png,999.00 INR,,,no,,,Antariya,,,"https://res.cloudinary.com/doefhzx01/image/upload/v1787023066/antariya/products/6a15f3ab52b87a00a922c0d9/p3pxtdizrxpj39n6bgfv.png,https://res.cloudinary.com/doefhzx01/image/upload/v1787023066/antariya/products/6a15f3ab52b87a00a922c0d9/p3pxtdizrxpj39n6bgfv.png",new,no,,,,IN,Women,,Solid,adult,,,,,,,,6a645c7288eee02a30d46864,,,
260200000007-3,Custom Computer Embroidery (9 - 12 inch),"Bring your ideas to life with Antariya's premium custom computer embroidery . Upload any logo, artwork, name, or design , and we'll transform it into precision-stitched embroidery on T-shirts, Shirts…",in_stock,,,https://antariyaofficial.com/product/6a645c7288eee02a30d46864,,https://res.cloudinary.com/doefhzx01/image/upload/v1786985147/antariya/products/6a15f3ab52b87a00a922c0d9/nh3acf3jvxc0drdnespt.png,999.00 INR,,,no,,,Antariya,,,"https://res.cloudinary.com/doefhzx01/image/upload/v1787023066/antariya/products/6a15f3ab52b87a00a922c0d9/p3pxtdizrxpj39n6bgfv.png,https://res.cloudinary.com/doefhzx01/image/upload/v1787023066/antariya/products/6a15f3ab52b87a00a922c0d9/p3pxtdizrxpj39n6bgfv.png",new,no,,,,IN,Men,,Solid,adult,,,,,,,,6a645c7288eee02a30d46864,,,
260200000007-3,Custom Computer Embroidery (9 - 12 inch),"Bring your ideas to life with Antariya's premium custom computer embroidery . Upload any logo, artwork, name, or design , and we'll transform it into precision-stitched embroidery on T-shirts, Shirts…",in_stock,,,https://antariyaofficial.com/product/6a645c7288eee02a30d46864,,https://res.cloudinary.com/doefhzx01/image/upload/v1786985147/antariya/products/6a15f3ab52b87a00a922c0d9/nh3acf3jvxc0drdnespt.png,999.00 INR,,,no,,,Antariya,,,"https://res.cloudinary.com/doefhzx01/image/upload/v1787023066/antariya/products/6a15f3ab52b87a00a922c0d9/p3pxtdizrxpj39n6bgfv.png,https://res.cloudinary.com/doefhzx01/image/upload/v1787023066/antariya/products/6a15f3ab52b87a00a922c0d9/p3pxtdizrxpj39n6bgfv.png",new,no,,,,IN,Unisex,,Solid,adult,,,,,,,,6a645c7288eee02a30d46864,,,
260100700903,Antariya Just Be Yourself | Dark Grey & Light Grey | Premium Polyester Blend & Lycra | Unisex Everyday Streetwear Light Grey M,"Celebrate confidence and self-expression with the Antariya Just Be Yourself Edition , thoughtfully designed for those who embrace their individuality. Crafted from a premium polyester blend with Lycr…",out_of_stock,,,https://antariyaofficial.com/product/6a784282d6ac581598596587,,https://res.cloudinary.com/doefhzx01/image/upload/v1786266241/antariya/products/6a15f3ab52b87a00a922c0d9/qjq7qco034xlx1ja8nca.jpg,699.25 INR,,,no,,,Antariya,,,"https://res.cloudinary.com/doefhzx01/image/upload/v1786266241/antariya/products/6a15f3ab52b87a00a922c0d9/bawmduchmdtqucak1wou.jpg,https://res.cloudinary.com/doefhzx01/image/upload/v1786266241/antariya/products/6a15f3ab52b87a00a922c0d9/eussqfc0iyahuazbn0wf.jpg,https://res.cloudinary.com/doefhzx01/image/upload/v1786266241/antariya/products/6a15f3ab52b87a00a922c0d9/z6vsbjk1vwho8fkp2bl5.jpg,https://res.cloudinary.com/doefhzx01/image/upload/v1786266241/antariya/products/6a15f3ab52b87a00a922c0d9/iajrdqpwhwgxu5q3lqyb.jpg,https://res.cloudinary.com/doefhzx01/image/upload/v1786266241/antariya/products/6a15f3ab52b87a00a922c0d9/sz774qtzgt76ufkkeaos.jpg,https://res.cloudinary.com/doefhzx01/image/upload/v1786266471/antariya/products/6a15f3ab52b87a00a922c0d9/fkftzbbnieoy5vynqwod.jpg,https://res.cloudinary.com/doefhzx01/image/upload/v1786266471/antariya/products/6a15f3ab52b87a00a922c0d9/exrvvvxx0t6bpeq1ahjc.jpg,https://res.cloudinary.com/doefhzx01/image/upload/v1786266241/antariya/products/6a15f3ab52b87a00a922c0d9/bawmduchmdtqucak1wou.jpg,https://res.cloudinary.com/doefhzx01/image/upload/v1786266241/antariya/products/6a15f3ab52b87a00a922c0d9/eussqfc0iyahuazbn0wf.jpg,https://res.cloudinary.com/doefhzx01/image/upload/v1786266241/antariya/products/6a15f3ab52b87a00a922c0d9/z6vsbjk1vwho8fkp2bl5.jpg",new,no,Light Grey,M,,IN,unisex,,Screen Print,adult,,,,,,,,6a784282d6ac581598596587,,,
260100701003,Antariya Just Be Yourself | Dark Grey & Light Grey | Premium Polyester Blend & Lycra | Unisex Everyday Streetwear Dark Grey M,"Celebrate confidence and self-expression with the Antariya Just Be Yourself Edition , thoughtfully designed for those who embrace their individuality. Crafted from a premium polyester blend with Lycr…",out_of_stock,,,https://antariyaofficial.com/product/6a784282d6ac581598596587,,https://res.cloudinary.com/doefhzx01/image/upload/v1786266241/antariya/products/6a15f3ab52b87a00a922c0d9/qjq7qco034xlx1ja8nca.jpg,699.25 INR,,,no,,,Antariya,,,"https://res.cloudinary.com/doefhzx01/image/upload/v1786266241/antariya/products/6a15f3ab52b87a00a922c0d9/bawmduchmdtqucak1wou.jpg,https://res.cloudinary.com/doefhzx01/image/upload/v1786266241/antariya/products/6a15f3ab52b87a00a922c0d9/eussqfc0iyahuazbn0wf.jpg,https://res.cloudinary.com/doefhzx01/image/upload/v1786266241/antariya/products/6a15f3ab52b87a00a922c0d9/z6vsbjk1vwho8fkp2bl5.jpg,https://res.cloudinary.com/doefhzx01/image/upload/v1786266241/antariya/products/6a15f3ab52b87a00a922c0d9/iajrdqpwhwgxu5q3lqyb.jpg,https://res.cloudinary.com/doefhzx01/image/upload/v1786266241/antariya/products/6a15f3ab52b87a00a922c0d9/sz774qtzgt76ufkkeaos.jpg,https://res.cloudinary.com/doefhzx01/image/upload/v1786266471/antariya/products/6a15f3ab52b87a00a922c0d9/fkftzbbnieoy5vynqwod.jpg,https://res.cloudinary.com/doefhzx01/image/upload/v1786266471/antariya/products/6a15f3ab52b87a00a922c0d9/exrvvvxx0t6bpeq1ahjc.jpg,https://res.cloudinary.com/doefhzx01/image/upload/v1786266241/antariya/products/6a15f3ab52b87a00a922c0d9/bawmduchmdtqucak1wou.jpg,https://res.cloudinary.com/doefhzx01/image/upload/v1786266241/antariya/products/6a15f3ab52b87a00a922c0d9/eussqfc0iyahuazbn0wf.jpg,https://res.cloudinary.com/doefhzx01/image/upload/v1786266241/antariya/products/6a15f3ab52b87a00a922c0d9/z6vsbjk1vwho8fkp2bl5.jpg",new,no,Dark Grey,M,,IN,unisex,,Screen Print,adult,,,,,,,,6a784282d6ac581598596587,,,
260100700904,Antariya Just Be Yourself | Dark Grey & Light Grey | Premium Polyester Blend & Lycra | Unisex Everyday Streetwear Light Grey L,"Celebrate confidence and self-expression with the Antariya Just Be Yourself Edition , thoughtfully designed for those who embrace their individuality. Crafted from a premium polyester blend with Lycr…",in_stock,,,https://antariyaofficial.com/product/6a784282d6ac581598596587,,https://res.cloudinary.com/doefhzx01/image/upload/v1786266241/antariya/products/6a15f3ab52b87a00a922c0d9/qjq7qco034xlx1ja8nca.jpg,699.25 INR,,,no,,,Antariya,,,"https://res.cloudinary.com/doefhzx01/image/upload/v1786266241/antariya/products/6a15f3ab52b87a00a922c0d9/bawmduchmdtqucak1wou.jpg,https://res.cloudinary.com/doefhzx01/image/upload/v1786266241/antariya/products/6a15f3ab52b87a00a922c0d9/eussqfc0iyahuazbn0wf.jpg,https://res.cloudinary.com/doefhzx01/image/upload/v1786266241/antariya/products/6a15f3ab52b87a00a922c0d9/z6vsbjk1vwho8fkp2bl5.jpg,https://res.cloudinary.com/doefhzx01/image/upload/v1786266241/antariya/products/6a15f3ab52b87a00a922c0d9/iajrdqpwhwgxu5q3lqyb.jpg,https://res.cloudinary.com/doefhzx01/image/upload/v1786266241/antariya/products/6a15f3ab52b87a00a922c0d9/sz774qtzgt76ufkkeaos.jpg,https://res.cloudinary.com/doefhzx01/image/upload/v1786266471/antariya/products/6a15f3ab52b87a00a922c0d9/fkftzbbnieoy5vynqwod.jpg,https://res.cloudinary.com/doefhzx01/image/upload/v1786266471/antariya/products/6a15f3ab52b87a00a922c0d9/exrvvvxx0t6bpeq1ahjc.jpg,https://res.cloudinary.com/doefhzx01/image/upload/v1786266241/antariya/products/6a15f3ab52b87a00a922c0d9/bawmduchmdtqucak1wou.jpg,https://res.cloudinary.com/doefhzx01/image/upload/v1786266241/antariya/products/6a15f3ab52b87a00a922c0d9/eussqfc0iyahuazbn0wf.jpg,https://res.cloudinary.com/doefhzx01/image/upload/v1786266241/antariya/products/6a15f3ab52b87a00a922c0d9/z6vsbjk1vwho8fkp2bl5.jpg",new,no,Light Grey,L,,IN,unisex,,Screen Print,adult,,,,,,,,6a784282d6ac581598596587,,,
260100701004,Antariya Just Be Yourself | Dark Grey & Light Grey | Premium Polyester Blend & Lycra | Unisex Everyday Streetwear Dark Grey L,"Celebrate confidence and self-expression with the Antariya Just Be Yourself Edition , thoughtfully designed for those who embrace their individuality. Crafted from a premium polyester blend with Lycr…",in_stock,,,https://antariyaofficial.com/product/6a784282d6ac581598596587,,https://res.cloudinary.com/doefhzx01/image/upload/v1786266241/antariya/products/6a15f3ab52b87a00a922c0d9/qjq7qco034xlx1ja8nca.jpg,699.25 INR,,,no,,,Antariya,,,"https://res.cloudinary.com/doefhzx01/image/upload/v1786266241/antariya/products/6a15f3ab52b87a00a922c0d9/bawmduchmdtqucak1wou.jpg,https://res.cloudinary.com/doefhzx01/image/upload/v1786266241/antariya/products/6a15f3ab52b87a00a922c0d9/eussqfc0iyahuazbn0wf.jpg,https://res.cloudinary.com/doefhzx01/image/upload/v1786266241/antariya/products/6a15f3ab52b87a00a922c0d9/z6vsbjk1vwho8fkp2bl5.jpg,https://res.cloudinary.com/doefhzx01/image/upload/v1786266241/antariya/products/6a15f3ab52b87a00a922c0d9/iajrdqpwhwgxu5q3lqyb.jpg,https://res.cloudinary.com/doefhzx01/image/upload/v1786266241/antariya/products/6a15f3ab52b87a00a922c0d9/sz774qtzgt76ufkkeaos.jpg,https://res.cloudinary.com/doefhzx01/image/upload/v1786266471/antariya/products/6a15f3ab52b87a00a922c0d9/fkftzbbnieoy5vynqwod.jpg,https://res.cloudinary.com/doefhzx01/image/upload/v1786266471/antariya/products/6a15f3ab52b87a00a922c0d9/exrvvvxx0t6bpeq1ahjc.jpg,https://res.cloudinary.com/doefhzx01/image/upload/v1786266241/antariya/products/6a15f3ab52b87a00a922c0d9/bawmduchmdtqucak1wou.jpg,https://res.cloudinary.com/doefhzx01/image/upload/v1786266241/antariya/products/6a15f3ab52b87a00a922c0d9/eussqfc0iyahuazbn0wf.jpg,https://res.cloudinary.com/doefhzx01/image/upload/v1786266241/antariya/products/6a15f3ab52b87a00a922c0d9/z6vsbjk1vwho8fkp2bl5.jpg",new,no,Dark Grey,L,,IN,unisex,,Screen Print,adult,,,,,,,,6a784282d6ac581598596587,,,
260100700905,Antariya Just Be Yourself | Dark Grey & Light Grey | Premium Polyester Blend & Lycra | Unisex Everyday Streetwear Light Grey XL,"Celebrate confidence and self-expression with the Antariya Just Be Yourself Edition , thoughtfully designed for those who embrace their individuality. Crafted from a premium polyester blend with Lycr…",in_stock,,,https://antariyaofficial.com/product/6a784282d6ac581598596587,,https://res.cloudinary.com/doefhzx01/image/upload/v1786266241/antariya/products/6a15f3ab52b87a00a922c0d9/qjq7qco034xlx1ja8nca.jpg,699.25 INR,,,no,,,Antariya,,,"https://res.cloudinary.com/doefhzx01/image/upload/v1786266241/antariya/products/6a15f3ab52b87a00a922c0d9/bawmduchmdtqucak1wou.jpg,https://res.cloudinary.com/doefhzx01/image/upload/v1786266241/antariya/products/6a15f3ab52b87a00a922c0d9/eussqfc0iyahuazbn0wf.jpg,https://res.cloudinary.com/doefhzx01/image/upload/v1786266241/antariya/products/6a15f3ab52b87a00a922c0d9/z6vsbjk1vwho8fkp2bl5.jpg,https://res.cloudinary.com/doefhzx01/image/upload/v1786266241/antariya/products/6a15f3ab52b87a00a922c0d9/iajrdqpwhwgxu5q3lqyb.jpg,https://res.cloudinary.com/doefhzx01/image/upload/v1786266241/antariya/products/6a15f3ab52b87a00a922c0d9/sz774qtzgt76ufkkeaos.jpg,https://res.cloudinary.com/doefhzx01/image/upload/v1786266471/antariya/products/6a15f3ab52b87a00a922c0d9/fkftzbbnieoy5vynqwod.jpg,https://res.cloudinary.com/doefhzx01/image/upload/v1786266471/antariya/products/6a15f3ab52b87a00a922c0d9/exrvvvxx0t6bpeq1ahjc.jpg,https://res.cloudinary.com/doefhzx01/image/upload/v1786266241/antariya/products/6a15f3ab52b87a00a922c0d9/bawmduchmdtqucak1wou.jpg,https://res.cloudinary.com/doefhzx01/image/upload/v1786266241/antariya/products/6a15f3ab52b87a00a922c0d9/eussqfc0iyahuazbn0wf.jpg,https://res.cloudinary.com/doefhzx01/image/upload/v1786266241/antariya/products/6a15f3ab52b87a00a922c0d9/z6vsbjk1vwho8fkp2bl5.jpg",new,no,Light Grey,XL,,IN,unisex,,Screen Print,adult,,,,,,,,6a784282d6ac581598596587,,,
260100701005,Antariya Just Be Yourself | Dark Grey & Light Grey | Premium Polyester Blend & Lycra | Unisex Everyday Streetwear Dark Grey XL,"Celebrate confidence and self-expression with the Antariya Just Be Yourself Edition , thoughtfully designed for those who embrace their individuality. Crafted from a premium polyester blend with Lycr…",in_stock,,,https://antariyaofficial.com/product/6a784282d6ac581598596587,,https://res.cloudinary.com/doefhzx01/image/upload/v1786266241/antariya/products/6a15f3ab52b87a00a922c0d9/qjq7qco034xlx1ja8nca.jpg,699.25 INR,,,no,,,Antariya,,,"https://res.cloudinary.com/doefhzx01/image/upload/v1786266241/antariya/products/6a15f3ab52b87a00a922c0d9/bawmduchmdtqucak1wou.jpg,https://res.cloudinary.com/doefhzx01/image/upload/v1786266241/antariya/products/6a15f3ab52b87a00a922c0d9/eussqfc0iyahuazbn0wf.jpg,https://res.cloudinary.com/doefhzx01/image/upload/v1786266241/antariya/products/6a15f3ab52b87a00a922c0d9/z6vsbjk1vwho8fkp2bl5.jpg,https://res.cloudinary.com/doefhzx01/image/upload/v1786266241/antariya/products/6a15f3ab52b87a00a922c0d9/iajrdqpwhwgxu5q3lqyb.jpg,https://res.cloudinary.com/doefhzx01/image/upload/v1786266241/antariya/products/6a15f3ab52b87a00a922c0d9/sz774qtzgt76ufkkeaos.jpg,https://res.cloudinary.com/doefhzx01/image/upload/v1786266471/antariya/products/6a15f3ab52b87a00a922c0d9/fkftzbbnieoy5vynqwod.jpg,https://res.cloudinary.com/doefhzx01/image/upload/v1786266471/antariya/products/6a15f3ab52b87a00a922c0d9/exrvvvxx0t6bpeq1ahjc.jpg,https://res.cloudinary.com/doefhzx01/image/upload/v1786266241/antariya/products/6a15f3ab52b87a00a922c0d9/bawmduchmdtqucak1wou.jpg,https://res.cloudinary.com/doefhzx01/image/upload/v1786266241/antariya/products/6a15f3ab52b87a00a922c0d9/eussqfc0iyahuazbn0wf.jpg,https://res.cloudinary.com/doefhzx01/image/upload/v1786266241/antariya/products/6a15f3ab52b87a00a922c0d9/z6vsbjk1vwho8fkp2bl5.jpg",new,no,Dark Grey,XL,,IN,unisex,,Screen Print,adult,,,,,,,,6a784282d6ac581598596587,,,
260100700906,Antariya Just Be Yourself | Dark Grey & Light Grey | Premium Polyester Blend & Lycra | Unisex Everyday Streetwear Light Grey XXL,"Celebrate confidence and self-expression with the Antariya Just Be Yourself Edition , thoughtfully designed for those who embrace their individuality. Crafted from a premium polyester blend with Lycr…",out_of_stock,,,https://antariyaofficial.com/product/6a784282d6ac581598596587,,https://res.cloudinary.com/doefhzx01/image/upload/v1786266241/antariya/products/6a15f3ab52b87a00a922c0d9/qjq7qco034xlx1ja8nca.jpg,699.25 INR,,,no,,,Antariya,,,"https://res.cloudinary.com/doefhzx01/image/upload/v1786266241/antariya/products/6a15f3ab52b87a00a922c0d9/bawmduchmdtqucak1wou.jpg,https://res.cloudinary.com/doefhzx01/image/upload/v1786266241/antariya/products/6a15f3ab52b87a00a922c0d9/eussqfc0iyahuazbn0wf.jpg,https://res.cloudinary.com/doefhzx01/image/upload/v1786266241/antariya/products/6a15f3ab52b87a00a922c0d9/z6vsbjk1vwho8fkp2bl5.jpg,https://res.cloudinary.com/doefhzx01/image/upload/v1786266241/antariya/products/6a15f3ab52b87a00a922c0d9/iajrdqpwhwgxu5q3lqyb.jpg,https://res.cloudinary.com/doefhzx01/image/upload/v1786266241/antariya/products/6a15f3ab52b87a00a922c0d9/sz774qtzgt76ufkkeaos.jpg,https://res.cloudinary.com/doefhzx01/image/upload/v1786266471/antariya/products/6a15f3ab52b87a00a922c0d9/fkftzbbnieoy5vynqwod.jpg,https://res.cloudinary.com/doefhzx01/image/upload/v1786266471/antariya/products/6a15f3ab52b87a00a922c0d9/exrvvvxx0t6bpeq1ahjc.jpg,https://res.cloudinary.com/doefhzx01/image/upload/v1786266241/antariya/products/6a15f3ab52b87a00a922c0d9/bawmduchmdtqucak1wou.jpg,https://res.cloudinary.com/doefhzx01/image/upload/v1786266241/antariya/products/6a15f3ab52b87a00a922c0d9/eussqfc0iyahuazbn0wf.jpg,https://res.cloudinary.com/doefhzx01/image/upload/v1786266241/antariya/products/6a15f3ab52b87a00a922c0d9/z6vsbjk1vwho8fkp2bl5.jpg",new,no,Light Grey,XXL,,IN,unisex,,Screen Print,adult,,,,,,,,6a784282d6ac581598596587,,,
260100701006,Antariya Just Be Yourself | Dark Grey & Light Grey | Premium Polyester Blend & Lycra | Unisex Everyday Streetwear Dark Grey XXL,"Celebrate confidence and self-expression with the Antariya Just Be Yourself Edition , thoughtfully designed for those who embrace their individuality. Crafted from a premium polyester blend with Lycr…",in_stock,,,https://antariyaofficial.com/product/6a784282d6ac581598596587,,https://res.cloudinary.com/doefhzx01/image/upload/v1786266241/antariya/products/6a15f3ab52b87a00a922c0d9/qjq7qco034xlx1ja8nca.jpg,699.25 INR,,,no,,,Antariya,,,"https://res.cloudinary.com/doefhzx01/image/upload/v1786266241/antariya/products/6a15f3ab52b87a00a922c0d9/bawmduchmdtqucak1wou.jpg,https://res.cloudinary.com/doefhzx01/image/upload/v1786266241/antariya/products/6a15f3ab52b87a00a922c0d9/eussqfc0iyahuazbn0wf.jpg,https://res.cloudinary.com/doefhzx01/image/upload/v1786266241/antariya/products/6a15f3ab52b87a00a922c0d9/z6vsbjk1vwho8fkp2bl5.jpg,https://res.cloudinary.com/doefhzx01/image/upload/v1786266241/antariya/products/6a15f3ab52b87a00a922c0d9/iajrdqpwhwgxu5q3lqyb.jpg,https://res.cloudinary.com/doefhzx01/image/upload/v1786266241/antariya/products/6a15f3ab52b87a00a922c0d9/sz774qtzgt76ufkkeaos.jpg,https://res.cloudinary.com/doefhzx01/image/upload/v1786266471/antariya/products/6a15f3ab52b87a00a922c0d9/fkftzbbnieoy5vynqwod.jpg,https://res.cloudinary.com/doefhzx01/image/upload/v1786266471/antariya/products/6a15f3ab52b87a00a922c0d9/exrvvvxx0t6bpeq1ahjc.jpg,https://res.cloudinary.com/doefhzx01/image/upload/v1786266241/antariya/products/6a15f3ab52b87a00a922c0d9/bawmduchmdtqucak1wou.jpg,https://res.cloudinary.com/doefhzx01/image/upload/v1786266241/antariya/products/6a15f3ab52b87a00a922c0d9/eussqfc0iyahuazbn0wf.jpg,https://res.cloudinary.com/doefhzx01/image/upload/v1786266241/antariya/products/6a15f3ab52b87a00a922c0d9/z6vsbjk1vwho8fkp2bl5.jpg",new,no,Dark Grey,XXL,,IN,unisex,,Screen Print,adult,,,,,,,,6a784282d6ac581598596587,,,
260100900903,Antariya The Sword | Dark Grey & Light Grey  | Premium Polyester Blend & Lycra | Everyday Streetwear for Men Light Grey M,"Experience the perfect blend of comfort and modern style with the Antariya The Sword – Dark Grey Edition , designed for effortless everyday wear. Crafted from a premium polyester blend with Lycra , t…",in_stock,,,https://antariyaofficial.com/product/6a785cbdd6ac581598596ce6,,https://res.cloudinary.com/doefhzx01/image/upload/v1786272955/antariya/products/6a15f3ab52b87a00a922c0d9/fwgkwzwlgjkf4h9ggrvz.png,699.00 INR,,,no,,,Antariya,,,"https://res.cloudinary.com/doefhzx01/image/upload/v1786272955/antariya/products/6a15f3ab52b87a00a922c0d9/svfwiem8246y0gcc9xne.png,https://res.cloudinary.com/doefhzx01/image/upload/v1786274427/antariya/products/6a15f3ab52b87a00a922c0d9/ejl8btaifwlthwljlzip.jpg,https://res.cloudinary.com/doefhzx01/image/upload/v1786274427/antariya/products/6a15f3ab52b87a00a922c0d9/pexy9cyvjrm1lsw27x49.jpg,https://res.cloudinary.com/doefhzx01/image/upload/v1786274427/antariya/products/6a15f3ab52b87a00a922c0d9/j5t6teh09hdjh6fm7ila.jpg,https://res.cloudinary.com/doefhzx01/image/upload/v1786274427/antariya/products/6a15f3ab52b87a00a922c0d9/hqrpyran22uusgv9fiqm.jpg,https://res.cloudinary.com/doefhzx01/image/upload/v1786274462/antariya/products/6a15f3ab52b87a00a922c0d9/bolg8cxwvzshytuzr4bw.jpg,https://res.cloudinary.com/doefhzx01/image/upload/v1786274462/antariya/products/6a15f3ab52b87a00a922c0d9/vkmusuzezfqvlq1rjjb6.jpg,https://res.cloudinary.com/doefhzx01/image/upload/v1786272955/antariya/products/6a15f3ab52b87a00a922c0d9/svfwiem8246y0gcc9xne.png,https://res.cloudinary.com/doefhzx01/image/upload/v1786274427/antariya/products/6a15f3ab52b87a00a922c0d9/ejl8btaifwlthwljlzip.jpg,https://res.cloudinary.com/doefhzx01/image/upload/v1786274427/antariya/products/6a15f3ab52b87a00a922c0d9/pexy9cyvjrm1lsw27x49.jpg",new,no,Light Grey,M,,IN,unisex,,Screen Print,adult,,,,,,,,6a785cbdd6ac581598596ce6,,,
260100901003,Antariya The Sword | Dark Grey & Light Grey  | Premium Polyester Blend & Lycra | Everyday Streetwear for Men Dark Grey M,"Experience the perfect blend of comfort and modern style with the Antariya The Sword – Dark Grey Edition , designed for effortless everyday wear. Crafted from a premium polyester blend with Lycra , t…",in_stock,,,https://antariyaofficial.com/product/6a785cbdd6ac581598596ce6,,https://res.cloudinary.com/doefhzx01/image/upload/v1786272955/antariya/products/6a15f3ab52b87a00a922c0d9/fwgkwzwlgjkf4h9ggrvz.png,699.00 INR,,,no,,,Antariya,,,"https://res.cloudinary.com/doefhzx01/image/upload/v1786272955/antariya/products/6a15f3ab52b87a00a922c0d9/svfwiem8246y0gcc9xne.png,https://res.cloudinary.com/doefhzx01/image/upload/v1786274427/antariya/products/6a15f3ab52b87a00a922c0d9/ejl8btaifwlthwljlzip.jpg,https://res.cloudinary.com/doefhzx01/image/upload/v1786274427/antariya/products/6a15f3ab52b87a00a922c0d9/pexy9cyvjrm1lsw27x49.jpg,https://res.cloudinary.com/doefhzx01/image/upload/v1786274427/antariya/products/6a15f3ab52b87a00a922c0d9/j5t6teh09hdjh6fm7ila.jpg,https://res.cloudinary.com/doefhzx01/image/upload/v1786274427/antariya/products/6a15f3ab52b87a00a922c0d9/hqrpyran22uusgv9fiqm.jpg,https://res.cloudinary.com/doefhzx01/image/upload/v1786274462/antariya/products/6a15f3ab52b87a00a922c0d9/bolg8cxwvzshytuzr4bw.jpg,https://res.cloudinary.com/doefhzx01/image/upload/v1786274462/antariya/products/6a15f3ab52b87a00a922c0d9/vkmusuzezfqvlq1rjjb6.jpg,https://res.cloudinary.com/doefhzx01/image/upload/v1786272955/antariya/products/6a15f3ab52b87a00a922c0d9/svfwiem8246y0gcc9xne.png,https://res.cloudinary.com/doefhzx01/image/upload/v1786274427/antariya/products/6a15f3ab52b87a00a922c0d9/ejl8btaifwlthwljlzip.jpg,https://res.cloudinary.com/doefhzx01/image/upload/v1786274427/antariya/products/6a15f3ab52b87a00a922c0d9/pexy9cyvjrm1lsw27x49.jpg",new,no,Dark Grey,M,,IN,unisex,,Screen Print,adult,,,,,,,,6a785cbdd6ac581598596ce6,,,
260100900904,Antariya The Sword | Dark Grey & Light Grey  | Premium Polyester Blend & Lycra | Everyday Streetwear for Men Light Grey L,"Experience the perfect blend of comfort and modern style with the Antariya The Sword – Dark Grey Edition , designed for effortless everyday wear. Crafted from a premium polyester blend with Lycra , t…",in_stock,,,https://antariyaofficial.com/product/6a785cbdd6ac581598596ce6,,https://res.cloudinary.com/doefhzx01/image/upload/v1786272955/antariya/products/6a15f3ab52b87a00a922c0d9/fwgkwzwlgjkf4h9ggrvz.png,699.00 INR,,,no,,,Antariya,,,"https://res.cloudinary.com/doefhzx01/image/upload/v1786272955/antariya/products/6a15f3ab52b87a00a922c0d9/svfwiem8246y0gcc9xne.png,https://res.cloudinary.com/doefhzx01/image/upload/v1786274427/antariya/products/6a15f3ab52b87a00a922c0d9/ejl8btaifwlthwljlzip.jpg,https://res.cloudinary.com/doefhzx01/image/upload/v1786274427/antariya/products/6a15f3ab52b87a00a922c0d9/pexy9cyvjrm1lsw27x49.jpg,https://res.cloudinary.com/doefhzx01/image/upload/v1786274427/antariya/products/6a15f3ab52b87a00a922c0d9/j5t6teh09hdjh6fm7ila.jpg,https://res.cloudinary.com/doefhzx01/image/upload/v1786274427/antariya/products/6a15f3ab52b87a00a922c0d9/hqrpyran22uusgv9fiqm.jpg,https://res.cloudinary.com/doefhzx01/image/upload/v1786274462/antariya/products/6a15f3ab52b87a00a922c0d9/bolg8cxwvzshytuzr4bw.jpg,https://res.cloudinary.com/doefhzx01/image/upload/v1786274462/antariya/products/6a15f3ab52b87a00a922c0d9/vkmusuzezfqvlq1rjjb6.jpg,https://res.cloudinary.com/doefhzx01/image/upload/v1786272955/antariya/products/6a15f3ab52b87a00a922c0d9/svfwiem8246y0gcc9xne.png,https://res.cloudinary.com/doefhzx01/image/upload/v1786274427/antariya/products/6a15f3ab52b87a00a922c0d9/ejl8btaifwlthwljlzip.jpg,https://res.cloudinary.com/doefhzx01/image/upload/v1786274427/antariya/products/6a15f3ab52b87a00a922c0d9/pexy9cyvjrm1lsw27x49.jpg",new,no,Light Grey,L,,IN,unisex,,Screen Print,adult,,,,,,,,6a785cbdd6ac581598596ce6,,,
260100901004,Antariya The Sword | Dark Grey & Light Grey  | Premium Polyester Blend & Lycra | Everyday Streetwear for Men Dark Grey L,"Experience the perfect blend of comfort and modern style with the Antariya The Sword – Dark Grey Edition , designed for effortless everyday wear. Crafted from a premium polyester blend with Lycra , t…",in_stock,,,https://antariyaofficial.com/product/6a785cbdd6ac581598596ce6,,https://res.cloudinary.com/doefhzx01/image/upload/v1786272955/antariya/products/6a15f3ab52b87a00a922c0d9/fwgkwzwlgjkf4h9ggrvz.png,699.00 INR,,,no,,,Antariya,,,"https://res.cloudinary.com/doefhzx01/image/upload/v1786272955/antariya/products/6a15f3ab52b87a00a922c0d9/svfwiem8246y0gcc9xne.png,https://res.cloudinary.com/doefhzx01/image/upload/v1786274427/antariya/products/6a15f3ab52b87a00a922c0d9/ejl8btaifwlthwljlzip.jpg,https://res.cloudinary.com/doefhzx01/image/upload/v1786274427/antariya/products/6a15f3ab52b87a00a922c0d9/pexy9cyvjrm1lsw27x49.jpg,https://res.cloudinary.com/doefhzx01/image/upload/v1786274427/antariya/products/6a15f3ab52b87a00a922c0d9/j5t6teh09hdjh6fm7ila.jpg,https://res.cloudinary.com/doefhzx01/image/upload/v1786274427/antariya/products/6a15f3ab52b87a00a922c0d9/hqrpyran22uusgv9fiqm.jpg,https://res.cloudinary.com/doefhzx01/image/upload/v1786274462/antariya/products/6a15f3ab52b87a00a922c0d9/bolg8cxwvzshytuzr4bw.jpg,https://res.cloudinary.com/doefhzx01/image/upload/v1786274462/antariya/products/6a15f3ab52b87a00a922c0d9/vkmusuzezfqvlq1rjjb6.jpg,https://res.cloudinary.com/doefhzx01/image/upload/v1786272955/antariya/products/6a15f3ab52b87a00a922c0d9/svfwiem8246y0gcc9xne.png,https://res.cloudinary.com/doefhzx01/image/upload/v1786274427/antariya/products/6a15f3ab52b87a00a922c0d9/ejl8btaifwlthwljlzip.jpg,https://res.cloudinary.com/doefhzx01/image/upload/v1786274427/antariya/products/6a15f3ab52b87a00a922c0d9/pexy9cyvjrm1lsw27x49.jpg",new,no,Dark Grey,L,,IN,unisex,,Screen Print,adult,,,,,,,,6a785cbdd6ac581598596ce6,,,
260100900905,Antariya The Sword | Dark Grey & Light Grey  | Premium Polyester Blend & Lycra | Everyday Streetwear for Men Light Grey XL,"Experience the perfect blend of comfort and modern style with the Antariya The Sword – Dark Grey Edition , designed for effortless everyday wear. Crafted from a premium polyester blend with Lycra , t…",in_stock,,,https://antariyaofficial.com/product/6a785cbdd6ac581598596ce6,,https://res.cloudinary.com/doefhzx01/image/upload/v1786272955/antariya/products/6a15f3ab52b87a00a922c0d9/fwgkwzwlgjkf4h9ggrvz.png,699.00 INR,,,no,,,Antariya,,,"https://res.cloudinary.com/doefhzx01/image/upload/v1786272955/antariya/products/6a15f3ab52b87a00a922c0d9/svfwiem8246y0gcc9xne.png,https://res.cloudinary.com/doefhzx01/image/upload/v1786274427/antariya/products/6a15f3ab52b87a00a922c0d9/ejl8btaifwlthwljlzip.jpg,https://res.cloudinary.com/doefhzx01/image/upload/v1786274427/antariya/products/6a15f3ab52b87a00a922c0d9/pexy9cyvjrm1lsw27x49.jpg,https://res.cloudinary.com/doefhzx01/image/upload/v1786274427/antariya/products/6a15f3ab52b87a00a922c0d9/j5t6teh09hdjh6fm7ila.jpg,https://res.cloudinary.com/doefhzx01/image/upload/v1786274427/antariya/products/6a15f3ab52b87a00a922c0d9/hqrpyran22uusgv9fiqm.jpg,https://res.cloudinary.com/doefhzx01/image/upload/v1786274462/antariya/products/6a15f3ab52b87a00a922c0d9/bolg8cxwvzshytuzr4bw.jpg,https://res.cloudinary.com/doefhzx01/image/upload/v1786274462/antariya/products/6a15f3ab52b87a00a922c0d9/vkmusuzezfqvlq1rjjb6.jpg,https://res.cloudinary.com/doefhzx01/image/upload/v1786272955/antariya/products/6a15f3ab52b87a00a922c0d9/svfwiem8246y0gcc9xne.png,https://res.cloudinary.com/doefhzx01/image/upload/v1786274427/antariya/products/6a15f3ab52b87a00a922c0d9/ejl8btaifwlthwljlzip.jpg,https://res.cloudinary.com/doefhzx01/image/upload/v1786274427/antariya/products/6a15f3ab52b87a00a922c0d9/pexy9cyvjrm1lsw27x49.jpg",new,no,Light Grey,XL,,IN,unisex,,Screen Print,adult,,,,,,,,6a785cbdd6ac581598596ce6,,,
260100901005,Antariya The Sword | Dark Grey & Light Grey  | Premium Polyester Blend & Lycra | Everyday Streetwear for Men Dark Grey XL,"Experience the perfect blend of comfort and modern style with the Antariya The Sword – Dark Grey Edition , designed for effortless everyday wear. Crafted from a premium polyester blend with Lycra , t…",out_of_stock,,,https://antariyaofficial.com/product/6a785cbdd6ac581598596ce6,,https://res.cloudinary.com/doefhzx01/image/upload/v1786272955/antariya/products/6a15f3ab52b87a00a922c0d9/fwgkwzwlgjkf4h9ggrvz.png,699.00 INR,,,no,,,Antariya,,,"https://res.cloudinary.com/doefhzx01/image/upload/v1786272955/antariya/products/6a15f3ab52b87a00a922c0d9/svfwiem8246y0gcc9xne.png,https://res.cloudinary.com/doefhzx01/image/upload/v1786274427/antariya/products/6a15f3ab52b87a00a922c0d9/ejl8btaifwlthwljlzip.jpg,https://res.cloudinary.com/doefhzx01/image/upload/v1786274427/antariya/products/6a15f3ab52b87a00a922c0d9/pexy9cyvjrm1lsw27x49.jpg,https://res.cloudinary.com/doefhzx01/image/upload/v1786274427/antariya/products/6a15f3ab52b87a00a922c0d9/j5t6teh09hdjh6fm7ila.jpg,https://res.cloudinary.com/doefhzx01/image/upload/v1786274427/antariya/products/6a15f3ab52b87a00a922c0d9/hqrpyran22uusgv9fiqm.jpg,https://res.cloudinary.com/doefhzx01/image/upload/v1786274462/antariya/products/6a15f3ab52b87a00a922c0d9/bolg8cxwvzshytuzr4bw.jpg,https://res.cloudinary.com/doefhzx01/image/upload/v1786274462/antariya/products/6a15f3ab52b87a00a922c0d9/vkmusuzezfqvlq1rjjb6.jpg,https://res.cloudinary.com/doefhzx01/image/upload/v1786272955/antariya/products/6a15f3ab52b87a00a922c0d9/svfwiem8246y0gcc9xne.png,https://res.cloudinary.com/doefhzx01/image/upload/v1786274427/antariya/products/6a15f3ab52b87a00a922c0d9/ejl8btaifwlthwljlzip.jpg,https://res.cloudinary.com/doefhzx01/image/upload/v1786274427/antariya/products/6a15f3ab52b87a00a922c0d9/pexy9cyvjrm1lsw27x49.jpg",new,no,Dark Grey,XL,,IN,unisex,,Screen Print,adult,,,,,,,,6a785cbdd6ac581598596ce6,,,
260100900906,Antariya The Sword | Dark Grey & Light Grey  | Premium Polyester Blend & Lycra | Everyday Streetwear for Men Light Grey XXL,"Experience the perfect blend of comfort and modern style with the Antariya The Sword – Dark Grey Edition , designed for effortless everyday wear. Crafted from a premium polyester blend with Lycra , t…",in_stock,,,https://antariyaofficial.com/product/6a785cbdd6ac581598596ce6,,https://res.cloudinary.com/doefhzx01/image/upload/v1786272955/antariya/products/6a15f3ab52b87a00a922c0d9/fwgkwzwlgjkf4h9ggrvz.png,699.00 INR,,,no,,,Antariya,,,"https://res.cloudinary.com/doefhzx01/image/upload/v1786272955/antariya/products/6a15f3ab52b87a00a922c0d9/svfwiem8246y0gcc9xne.png,https://res.cloudinary.com/doefhzx01/image/upload/v1786274427/antariya/products/6a15f3ab52b87a00a922c0d9/ejl8btaifwlthwljlzip.jpg,https://res.cloudinary.com/doefhzx01/image/upload/v1786274427/antariya/products/6a15f3ab52b87a00a922c0d9/pexy9cyvjrm1lsw27x49.jpg,https://res.cloudinary.com/doefhzx01/image/upload/v1786274427/antariya/products/6a15f3ab52b87a00a922c0d9/j5t6teh09hdjh6fm7ila.jpg,https://res.cloudinary.com/doefhzx01/image/upload/v1786274427/antariya/products/6a15f3ab52b87a00a922c0d9/hqrpyran22uusgv9fiqm.jpg,https://res.cloudinary.com/doefhzx01/image/upload/v1786274462/antariya/products/6a15f3ab52b87a00a922c0d9/bolg8cxwvzshytuzr4bw.jpg,https://res.cloudinary.com/doefhzx01/image/upload/v1786274462/antariya/products/6a15f3ab52b87a00a922c0d9/vkmusuzezfqvlq1rjjb6.jpg,https://res.cloudinary.com/doefhzx01/image/upload/v1786272955/antariya/products/6a15f3ab52b87a00a922c0d9/svfwiem8246y0gcc9xne.png,https://res.cloudinary.com/doefhzx01/image/upload/v1786274427/antariya/products/6a15f3ab52b87a00a922c0d9/ejl8btaifwlthwljlzip.jpg,https://res.cloudinary.com/doefhzx01/image/upload/v1786274427/antariya/products/6a15f3ab52b87a00a922c0d9/pexy9cyvjrm1lsw27x49.jpg",new,no,Light Grey,XXL,,IN,unisex,,Screen Print,adult,,,,,,,,6a785cbdd6ac581598596ce6,,,
260100901006,Antariya The Sword | Dark Grey & Light Grey  | Premium Polyester Blend & Lycra | Everyday Streetwear for Men Dark Grey XXL,"Experience the perfect blend of comfort and modern style with the Antariya The Sword – Dark Grey Edition , designed for effortless everyday wear. Crafted from a premium polyester blend with Lycra , t…",out_of_stock,,,https://antariyaofficial.com/product/6a785cbdd6ac581598596ce6,,https://res.cloudinary.com/doefhzx01/image/upload/v1786272955/antariya/products/6a15f3ab52b87a00a922c0d9/fwgkwzwlgjkf4h9ggrvz.png,699.00 INR,,,no,,,Antariya,,,"https://res.cloudinary.com/doefhzx01/image/upload/v1786272955/antariya/products/6a15f3ab52b87a00a922c0d9/svfwiem8246y0gcc9xne.png,https://res.cloudinary.com/doefhzx01/image/upload/v1786274427/antariya/products/6a15f3ab52b87a00a922c0d9/ejl8btaifwlthwljlzip.jpg,https://res.cloudinary.com/doefhzx01/image/upload/v1786274427/antariya/products/6a15f3ab52b87a00a922c0d9/pexy9cyvjrm1lsw27x49.jpg,https://res.cloudinary.com/doefhzx01/image/upload/v1786274427/antariya/products/6a15f3ab52b87a00a922c0d9/j5t6teh09hdjh6fm7ila.jpg,https://res.cloudinary.com/doefhzx01/image/upload/v1786274427/antariya/products/6a15f3ab52b87a00a922c0d9/hqrpyran22uusgv9fiqm.jpg,https://res.cloudinary.com/doefhzx01/image/upload/v1786274462/antariya/products/6a15f3ab52b87a00a922c0d9/bolg8cxwvzshytuzr4bw.jpg,https://res.cloudinary.com/doefhzx01/image/upload/v1786274462/antariya/products/6a15f3ab52b87a00a922c0d9/vkmusuzezfqvlq1rjjb6.jpg,https://res.cloudinary.com/doefhzx01/image/upload/v1786272955/antariya/products/6a15f3ab52b87a00a922c0d9/svfwiem8246y0gcc9xne.png,https://res.cloudinary.com/doefhzx01/image/upload/v1786274427/antariya/products/6a15f3ab52b87a00a922c0d9/ejl8btaifwlthwljlzip.jpg,https://res.cloudinary.com/doefhzx01/image/upload/v1786274427/antariya/products/6a15f3ab52b87a00a922c0d9/pexy9cyvjrm1lsw27x49.jpg",new,no,Dark Grey,XXL,,IN,unisex,,Screen Print,adult,,,,,,,,6a785cbdd6ac581598596ce6,,,
260101000304,Antariya Grace Greater | Premium Unisex T-Shirt | Polyester Blend & Lycra | Everyday Streetwear Black L,"Step into effortless style with the Antariya Grace Greater Edition, designed for those who carry confidence, comfort, and individuality wherever they go. Crafted from a premium polyester blend with L…",in_stock,,,https://antariyaofficial.com/product/6a785e3dd6ac581598596d1e,,https://res.cloudinary.com/doefhzx01/image/upload/v1786273339/antariya/products/6a15f3ab52b87a00a922c0d9/nqhqurhq4nj4dso7ic9e.jpg,699.00 INR,,,no,,,Antariya,,,"https://res.cloudinary.com/doefhzx01/image/upload/v1786273339/antariya/products/6a15f3ab52b87a00a922c0d9/dqqojw612kexboauclja.jpg,https://res.cloudinary.com/doefhzx01/image/upload/v1786273339/antariya/products/6a15f3ab52b87a00a922c0d9/vuw18h3pkpfbv4xwxbut.jpg,https://res.cloudinary.com/doefhzx01/image/upload/v1786273339/antariya/products/6a15f3ab52b87a00a922c0d9/zjuhomchbbuwjazfiu0z.jpg,https://res.cloudinary.com/doefhzx01/image/upload/v1786273339/antariya/products/6a15f3ab52b87a00a922c0d9/zmttbdcomvjye90naq2x.jpg,https://res.cloudinary.com/doefhzx01/image/upload/v1786273339/antariya/products/6a15f3ab52b87a00a922c0d9/xkzfadsmrpckcvjiqh7a.jpg,https://res.cloudinary.com/doefhzx01/image/upload/v1786275852/antariya/products/6a15f3ab52b87a00a922c0d9/wcqlibzfbwmfj3ux6o0b.jpg,https://res.cloudinary.com/doefhzx01/image/upload/v1786275852/antariya/products/6a15f3ab52b87a00a922c0d9/bnsleiivka9ko0rds0hn.jpg,https://res.cloudinary.com/doefhzx01/image/upload/v1786273339/antariya/products/6a15f3ab52b87a00a922c0d9/dqqojw612kexboauclja.jpg,https://res.cloudinary.com/doefhzx01/image/upload/v1786273339/antariya/products/6a15f3ab52b87a00a922c0d9/vuw18h3pkpfbv4xwxbut.jpg,https://res.cloudinary.com/doefhzx01/image/upload/v1786273339/antariya/products/6a15f3ab52b87a00a922c0d9/zjuhomchbbuwjazfiu0z.jpg",new,no,Black,L,,IN,unisex,,Solid,adult,,,,,,,,6a785e3dd6ac581598596d1e,,,
260101001304,Antariya Grace Greater | Premium Unisex T-Shirt | Polyester Blend & Lycra | Everyday Streetwear Blue L,"Step into effortless style with the Antariya Grace Greater Edition, designed for those who carry confidence, comfort, and individuality wherever they go. Crafted from a premium polyester blend with L…",in_stock,,,https://antariyaofficial.com/product/6a785e3dd6ac581598596d1e,,https://res.cloudinary.com/doefhzx01/image/upload/v1786273339/antariya/products/6a15f3ab52b87a00a922c0d9/nqhqurhq4nj4dso7ic9e.jpg,699.00 INR,,,no,,,Antariya,,,"https://res.cloudinary.com/doefhzx01/image/upload/v1786273339/antariya/products/6a15f3ab52b87a00a922c0d9/dqqojw612kexboauclja.jpg,https://res.cloudinary.com/doefhzx01/image/upload/v1786273339/antariya/products/6a15f3ab52b87a00a922c0d9/vuw18h3pkpfbv4xwxbut.jpg,https://res.cloudinary.com/doefhzx01/image/upload/v1786273339/antariya/products/6a15f3ab52b87a00a922c0d9/zjuhomchbbuwjazfiu0z.jpg,https://res.cloudinary.com/doefhzx01/image/upload/v1786273339/antariya/products/6a15f3ab52b87a00a922c0d9/zmttbdcomvjye90naq2x.jpg,https://res.cloudinary.com/doefhzx01/image/upload/v1786273339/antariya/products/6a15f3ab52b87a00a922c0d9/xkzfadsmrpckcvjiqh7a.jpg,https://res.cloudinary.com/doefhzx01/image/upload/v1786275852/antariya/products/6a15f3ab52b87a00a922c0d9/wcqlibzfbwmfj3ux6o0b.jpg,https://res.cloudinary.com/doefhzx01/image/upload/v1786275852/antariya/products/6a15f3ab52b87a00a922c0d9/bnsleiivka9ko0rds0hn.jpg,https://res.cloudinary.com/doefhzx01/image/upload/v1786273339/antariya/products/6a15f3ab52b87a00a922c0d9/dqqojw612kexboauclja.jpg,https://res.cloudinary.com/doefhzx01/image/upload/v1786273339/antariya/products/6a15f3ab52b87a00a922c0d9/vuw18h3pkpfbv4xwxbut.jpg,https://res.cloudinary.com/doefhzx01/image/upload/v1786273339/antariya/products/6a15f3ab52b87a00a922c0d9/zjuhomchbbuwjazfiu0z.jpg",new,no,Blue,L,,IN,unisex,,Solid,adult,,,,,,,,6a785e3dd6ac581598596d1e,,,
260101001404,Antariya Grace Greater | Premium Unisex T-Shirt | Polyester Blend & Lycra | Everyday Streetwear Merun Red L,"Step into effortless style with the Antariya Grace Greater Edition, designed for those who carry confidence, comfort, and individuality wherever they go. Crafted from a premium polyester blend with L…",in_stock,,,https://antariyaofficial.com/product/6a785e3dd6ac581598596d1e,,https://res.cloudinary.com/doefhzx01/image/upload/v1786273339/antariya/products/6a15f3ab52b87a00a922c0d9/nqhqurhq4nj4dso7ic9e.jpg,699.00 INR,,,no,,,Antariya,,,"https://res.cloudinary.com/doefhzx01/image/upload/v1786273339/antariya/products/6a15f3ab52b87a00a922c0d9/dqqojw612kexboauclja.jpg,https://res.cloudinary.com/doefhzx01/image/upload/v1786273339/antariya/products/6a15f3ab52b87a00a922c0d9/vuw18h3pkpfbv4xwxbut.jpg,https://res.cloudinary.com/doefhzx01/image/upload/v1786273339/antariya/products/6a15f3ab52b87a00a922c0d9/zjuhomchbbuwjazfiu0z.jpg,https://res.cloudinary.com/doefhzx01/image/upload/v1786273339/antariya/products/6a15f3ab52b87a00a922c0d9/zmttbdcomvjye90naq2x.jpg,https://res.cloudinary.com/doefhzx01/image/upload/v1786273339/antariya/products/6a15f3ab52b87a00a922c0d9/xkzfadsmrpckcvjiqh7a.jpg,https://res.cloudinary.com/doefhzx01/image/upload/v1786275852/antariya/products/6a15f3ab52b87a00a922c0d9/wcqlibzfbwmfj3ux6o0b.jpg,https://res.cloudinary.com/doefhzx01/image/upload/v1786275852/antariya/products/6a15f3ab52b87a00a922c0d9/bnsleiivka9ko0rds0hn.jpg,https://res.cloudinary.com/doefhzx01/image/upload/v1786273339/antariya/products/6a15f3ab52b87a00a922c0d9/dqqojw612kexboauclja.jpg,https://res.cloudinary.com/doefhzx01/image/upload/v1786273339/antariya/products/6a15f3ab52b87a00a922c0d9/vuw18h3pkpfbv4xwxbut.jpg,https://res.cloudinary.com/doefhzx01/image/upload/v1786273339/antariya/products/6a15f3ab52b87a00a922c0d9/zjuhomchbbuwjazfiu0z.jpg",new,no,Merun Red,L,,IN,unisex,,Solid,adult,,,,,,,,6a785e3dd6ac581598596d1e,,,
260101000305,Antariya Grace Greater | Premium Unisex T-Shirt | Polyester Blend & Lycra | Everyday Streetwear Black XL,"Step into effortless style with the Antariya Grace Greater Edition, designed for those who carry confidence, comfort, and individuality wherever they go. Crafted from a premium polyester blend with L…",in_stock,,,https://antariyaofficial.com/product/6a785e3dd6ac581598596d1e,,https://res.cloudinary.com/doefhzx01/image/upload/v1786273339/antariya/products/6a15f3ab52b87a00a922c0d9/nqhqurhq4nj4dso7ic9e.jpg,699.00 INR,,,no,,,Antariya,,,"https://res.cloudinary.com/doefhzx01/image/upload/v1786273339/antariya/products/6a15f3ab52b87a00a922c0d9/dqqojw612kexboauclja.jpg,https://res.cloudinary.com/doefhzx01/image/upload/v1786273339/antariya/products/6a15f3ab52b87a00a922c0d9/vuw18h3pkpfbv4xwxbut.jpg,https://res.cloudinary.com/doefhzx01/image/upload/v1786273339/antariya/products/6a15f3ab52b87a00a922c0d9/zjuhomchbbuwjazfiu0z.jpg,https://res.cloudinary.com/doefhzx01/image/upload/v1786273339/antariya/products/6a15f3ab52b87a00a922c0d9/zmttbdcomvjye90naq2x.jpg,https://res.cloudinary.com/doefhzx01/image/upload/v1786273339/antariya/products/6a15f3ab52b87a00a922c0d9/xkzfadsmrpckcvjiqh7a.jpg,https://res.cloudinary.com/doefhzx01/image/upload/v1786275852/antariya/products/6a15f3ab52b87a00a922c0d9/wcqlibzfbwmfj3ux6o0b.jpg,https://res.cloudinary.com/doefhzx01/image/upload/v1786275852/antariya/products/6a15f3ab52b87a00a922c0d9/bnsleiivka9ko0rds0hn.jpg,https://res.cloudinary.com/doefhzx01/image/upload/v1786273339/antariya/products/6a15f3ab52b87a00a922c0d9/dqqojw612kexboauclja.jpg,https://res.cloudinary.com/doefhzx01/image/upload/v1786273339/antariya/products/6a15f3ab52b87a00a922c0d9/vuw18h3pkpfbv4xwxbut.jpg,https://res.cloudinary.com/doefhzx01/image/upload/v1786273339/antariya/products/6a15f3ab52b87a00a922c0d9/zjuhomchbbuwjazfiu0z.jpg",new,no,Black,XL,,IN,unisex,,Solid,adult,,,,,,,,6a785e3dd6ac581598596d1e,,,
260101001305,Antariya Grace Greater | Premium Unisex T-Shirt | Polyester Blend & Lycra | Everyday Streetwear Blue XL,"Step into effortless style with the Antariya Grace Greater Edition, designed for those who carry confidence, comfort, and individuality wherever they go. Crafted from a premium polyester blend with L…",in_stock,,,https://antariyaofficial.com/product/6a785e3dd6ac581598596d1e,,https://res.cloudinary.com/doefhzx01/image/upload/v1786273339/antariya/products/6a15f3ab52b87a00a922c0d9/nqhqurhq4nj4dso7ic9e.jpg,699.00 INR,,,no,,,Antariya,,,"https://res.cloudinary.com/doefhzx01/image/upload/v1786273339/antariya/products/6a15f3ab52b87a00a922c0d9/dqqojw612kexboauclja.jpg,https://res.cloudinary.com/doefhzx01/image/upload/v1786273339/antariya/products/6a15f3ab52b87a00a922c0d9/vuw18h3pkpfbv4xwxbut.jpg,https://res.cloudinary.com/doefhzx01/image/upload/v1786273339/antariya/products/6a15f3ab52b87a00a922c0d9/zjuhomchbbuwjazfiu0z.jpg,https://res.cloudinary.com/doefhzx01/image/upload/v1786273339/antariya/products/6a15f3ab52b87a00a922c0d9/zmttbdcomvjye90naq2x.jpg,https://res.cloudinary.com/doefhzx01/image/upload/v1786273339/antariya/products/6a15f3ab52b87a00a922c0d9/xkzfadsmrpckcvjiqh7a.jpg,https://res.cloudinary.com/doefhzx01/image/upload/v1786275852/antariya/products/6a15f3ab52b87a00a922c0d9/wcqlibzfbwmfj3ux6o0b.jpg,https://res.cloudinary.com/doefhzx01/image/upload/v1786275852/antariya/products/6a15f3ab52b87a00a922c0d9/bnsleiivka9ko0rds0hn.jpg,https://res.cloudinary.com/doefhzx01/image/upload/v1786273339/antariya/products/6a15f3ab52b87a00a922c0d9/dqqojw612kexboauclja.jpg,https://res.cloudinary.com/doefhzx01/image/upload/v1786273339/antariya/products/6a15f3ab52b87a00a922c0d9/vuw18h3pkpfbv4xwxbut.jpg,https://res.cloudinary.com/doefhzx01/image/upload/v1786273339/antariya/products/6a15f3ab52b87a00a922c0d9/zjuhomchbbuwjazfiu0z.jpg",new,no,Blue,XL,,IN,unisex,,Solid,adult,,,,,,,,6a785e3dd6ac581598596d1e,,,
260101001405,Antariya Grace Greater | Premium Unisex T-Shirt | Polyester Blend & Lycra | Everyday Streetwear Merun Red XL,"Step into effortless style with the Antariya Grace Greater Edition, designed for those who carry confidence, comfort, and individuality wherever they go. Crafted from a premium polyester blend with L…",out_of_stock,,,https://antariyaofficial.com/product/6a785e3dd6ac581598596d1e,,https://res.cloudinary.com/doefhzx01/image/upload/v1786273339/antariya/products/6a15f3ab52b87a00a922c0d9/nqhqurhq4nj4dso7ic9e.jpg,699.00 INR,,,no,,,Antariya,,,"https://res.cloudinary.com/doefhzx01/image/upload/v1786273339/antariya/products/6a15f3ab52b87a00a922c0d9/dqqojw612kexboauclja.jpg,https://res.cloudinary.com/doefhzx01/image/upload/v1786273339/antariya/products/6a15f3ab52b87a00a922c0d9/vuw18h3pkpfbv4xwxbut.jpg,https://res.cloudinary.com/doefhzx01/image/upload/v1786273339/antariya/products/6a15f3ab52b87a00a922c0d9/zjuhomchbbuwjazfiu0z.jpg,https://res.cloudinary.com/doefhzx01/image/upload/v1786273339/antariya/products/6a15f3ab52b87a00a922c0d9/zmttbdcomvjye90naq2x.jpg,https://res.cloudinary.com/doefhzx01/image/upload/v1786273339/antariya/products/6a15f3ab52b87a00a922c0d9/xkzfadsmrpckcvjiqh7a.jpg,https://res.cloudinary.com/doefhzx01/image/upload/v1786275852/antariya/products/6a15f3ab52b87a00a922c0d9/wcqlibzfbwmfj3ux6o0b.jpg,https://res.cloudinary.com/doefhzx01/image/upload/v1786275852/antariya/products/6a15f3ab52b87a00a922c0d9/bnsleiivka9ko0rds0hn.jpg,https://res.cloudinary.com/doefhzx01/image/upload/v1786273339/antariya/products/6a15f3ab52b87a00a922c0d9/dqqojw612kexboauclja.jpg,https://res.cloudinary.com/doefhzx01/image/upload/v1786273339/antariya/products/6a15f3ab52b87a00a922c0d9/vuw18h3pkpfbv4xwxbut.jpg,https://res.cloudinary.com/doefhzx01/image/upload/v1786273339/antariya/products/6a15f3ab52b87a00a922c0d9/zjuhomchbbuwjazfiu0z.jpg",new,no,Merun Red,XL,,IN,unisex,,Solid,adult,,,,,,,,6a785e3dd6ac581598596d1e,,,
260101000306,Antariya Grace Greater | Premium Unisex T-Shirt | Polyester Blend & Lycra | Everyday Streetwear Black XXL,"Step into effortless style with the Antariya Grace Greater Edition, designed for those who carry confidence, comfort, and individuality wherever they go. Crafted from a premium polyester blend with L…",out_of_stock,,,https://antariyaofficial.com/product/6a785e3dd6ac581598596d1e,,https://res.cloudinary.com/doefhzx01/image/upload/v1786273339/antariya/products/6a15f3ab52b87a00a922c0d9/nqhqurhq4nj4dso7ic9e.jpg,699.00 INR,,,no,,,Antariya,,,"https://res.cloudinary.com/doefhzx01/image/upload/v1786273339/antariya/products/6a15f3ab52b87a00a922c0d9/dqqojw612kexboauclja.jpg,https://res.cloudinary.com/doefhzx01/image/upload/v1786273339/antariya/products/6a15f3ab52b87a00a922c0d9/vuw18h3pkpfbv4xwxbut.jpg,https://res.cloudinary.com/doefhzx01/image/upload/v1786273339/antariya/products/6a15f3ab52b87a00a922c0d9/zjuhomchbbuwjazfiu0z.jpg,https://res.cloudinary.com/doefhzx01/image/upload/v1786273339/antariya/products/6a15f3ab52b87a00a922c0d9/zmttbdcomvjye90naq2x.jpg,https://res.cloudinary.com/doefhzx01/image/upload/v1786273339/antariya/products/6a15f3ab52b87a00a922c0d9/xkzfadsmrpckcvjiqh7a.jpg,https://res.cloudinary.com/doefhzx01/image/upload/v1786275852/antariya/products/6a15f3ab52b87a00a922c0d9/wcqlibzfbwmfj3ux6o0b.jpg,https://res.cloudinary.com/doefhzx01/image/upload/v1786275852/antariya/products/6a15f3ab52b87a00a922c0d9/bnsleiivka9ko0rds0hn.jpg,https://res.cloudinary.com/doefhzx01/image/upload/v1786273339/antariya/products/6a15f3ab52b87a00a922c0d9/dqqojw612kexboauclja.jpg,https://res.cloudinary.com/doefhzx01/image/upload/v1786273339/antariya/products/6a15f3ab52b87a00a922c0d9/vuw18h3pkpfbv4xwxbut.jpg,https://res.cloudinary.com/doefhzx01/image/upload/v1786273339/antariya/products/6a15f3ab52b87a00a922c0d9/zjuhomchbbuwjazfiu0z.jpg",new,no,Black,XXL,,IN,unisex,,Solid,adult,,,,,,,,6a785e3dd6ac581598596d1e,,,
260101001306,Antariya Grace Greater | Premium Unisex T-Shirt | Polyester Blend & Lycra | Everyday Streetwear Blue XXL,"Step into effortless style with the Antariya Grace Greater Edition, designed for those who carry confidence, comfort, and individuality wherever they go. Crafted from a premium polyester blend with L…",in_stock,,,https://antariyaofficial.com/product/6a785e3dd6ac581598596d1e,,https://res.cloudinary.com/doefhzx01/image/upload/v1786273339/antariya/products/6a15f3ab52b87a00a922c0d9/nqhqurhq4nj4dso7ic9e.jpg,699.00 INR,,,no,,,Antariya,,,"https://res.cloudinary.com/doefhzx01/image/upload/v1786273339/antariya/products/6a15f3ab52b87a00a922c0d9/dqqojw612kexboauclja.jpg,https://res.cloudinary.com/doefhzx01/image/upload/v1786273339/antariya/products/6a15f3ab52b87a00a922c0d9/vuw18h3pkpfbv4xwxbut.jpg,https://res.cloudinary.com/doefhzx01/image/upload/v1786273339/antariya/products/6a15f3ab52b87a00a922c0d9/zjuhomchbbuwjazfiu0z.jpg,https://res.cloudinary.com/doefhzx01/image/upload/v1786273339/antariya/products/6a15f3ab52b87a00a922c0d9/zmttbdcomvjye90naq2x.jpg,https://res.cloudinary.com/doefhzx01/image/upload/v1786273339/antariya/products/6a15f3ab52b87a00a922c0d9/xkzfadsmrpckcvjiqh7a.jpg,https://res.cloudinary.com/doefhzx01/image/upload/v1786275852/antariya/products/6a15f3ab52b87a00a922c0d9/wcqlibzfbwmfj3ux6o0b.jpg,https://res.cloudinary.com/doefhzx01/image/upload/v1786275852/antariya/products/6a15f3ab52b87a00a922c0d9/bnsleiivka9ko0rds0hn.jpg,https://res.cloudinary.com/doefhzx01/image/upload/v1786273339/antariya/products/6a15f3ab52b87a00a922c0d9/dqqojw612kexboauclja.jpg,https://res.cloudinary.com/doefhzx01/image/upload/v1786273339/antariya/products/6a15f3ab52b87a00a922c0d9/vuw18h3pkpfbv4xwxbut.jpg,https://res.cloudinary.com/doefhzx01/image/upload/v1786273339/antariya/products/6a15f3ab52b87a00a922c0d9/zjuhomchbbuwjazfiu0z.jpg",new,no,Blue,XXL,,IN,unisex,,Solid,adult,,,,,,,,6a785e3dd6ac581598596d1e,,,
260101001406,Antariya Grace Greater | Premium Unisex T-Shirt | Polyester Blend & Lycra | Everyday Streetwear Merun Red XXL,"Step into effortless style with the Antariya Grace Greater Edition, designed for those who carry confidence, comfort, and individuality wherever they go. Crafted from a premium polyester blend with L…",in_stock,,,https://antariyaofficial.com/product/6a785e3dd6ac581598596d1e,,https://res.cloudinary.com/doefhzx01/image/upload/v1786273339/antariya/products/6a15f3ab52b87a00a922c0d9/nqhqurhq4nj4dso7ic9e.jpg,699.00 INR,,,no,,,Antariya,,,"https://res.cloudinary.com/doefhzx01/image/upload/v1786273339/antariya/products/6a15f3ab52b87a00a922c0d9/dqqojw612kexboauclja.jpg,https://res.cloudinary.com/doefhzx01/image/upload/v1786273339/antariya/products/6a15f3ab52b87a00a922c0d9/vuw18h3pkpfbv4xwxbut.jpg,https://res.cloudinary.com/doefhzx01/image/upload/v1786273339/antariya/products/6a15f3ab52b87a00a922c0d9/zjuhomchbbuwjazfiu0z.jpg,https://res.cloudinary.com/doefhzx01/image/upload/v1786273339/antariya/products/6a15f3ab52b87a00a922c0d9/zmttbdcomvjye90naq2x.jpg,https://res.cloudinary.com/doefhzx01/image/upload/v1786273339/antariya/products/6a15f3ab52b87a00a922c0d9/xkzfadsmrpckcvjiqh7a.jpg,https://res.cloudinary.com/doefhzx01/image/upload/v1786275852/antariya/products/6a15f3ab52b87a00a922c0d9/wcqlibzfbwmfj3ux6o0b.jpg,https://res.cloudinary.com/doefhzx01/image/upload/v1786275852/antariya/products/6a15f3ab52b87a00a922c0d9/bnsleiivka9ko0rds0hn.jpg,https://res.cloudinary.com/doefhzx01/image/upload/v1786273339/antariya/products/6a15f3ab52b87a00a922c0d9/dqqojw612kexboauclja.jpg,https://res.cloudinary.com/doefhzx01/image/upload/v1786273339/antariya/products/6a15f3ab52b87a00a922c0d9/vuw18h3pkpfbv4xwxbut.jpg,https://res.cloudinary.com/doefhzx01/image/upload/v1786273339/antariya/products/6a15f3ab52b87a00a922c0d9/zjuhomchbbuwjazfiu0z.jpg",new,no,Merun Red,XXL,,IN,unisex,,Solid,adult,,,,,,,,6a785e3dd6ac581598596d1e,,,
260101100303,Antariya FEIN | Premium Unisex T-Shirt | Polyester Blend & Lycra | Everyday Streetwear Black M,"Make a bold statement with the Antariya FEIN Edition , designed for those who appreciate clean aesthetics, comfort, and modern streetwear. Crafted from a premium polyester blend with Lycra , this uni…",in_stock,,,https://antariyaofficial.com/product/6a78672ed6ac58159859716c,,https://res.cloudinary.com/doefhzx01/image/upload/v1786275628/antariya/products/6a15f3ab52b87a00a922c0d9/ihwb4yismd435fczm5kv.jpg,699.00 INR,,,no,,,Antariya,,,"https://res.cloudinary.com/doefhzx01/image/upload/v1786275628/antariya/products/6a15f3ab52b87a00a922c0d9/yheuvmedlpttwt11zlsv.jpg,https://res.cloudinary.com/doefhzx01/image/upload/v1786275628/antariya/products/6a15f3ab52b87a00a922c0d9/kyuhmwic07te2itpvqwv.jpg,https://res.cloudinary.com/doefhzx01/image/upload/v1786275628/antariya/products/6a15f3ab52b87a00a922c0d9/pmxaa1p7ggrgprcmxxg2.jpg,https://res.cloudinary.com/doefhzx01/image/upload/v1786275628/antariya/products/6a15f3ab52b87a00a922c0d9/t93grpe9qptnnxfnofkd.jpg,https://res.cloudinary.com/doefhzx01/image/upload/v1786275628/antariya/products/6a15f3ab52b87a00a922c0d9/upk5micrdvzloc356qjd.jpg,https://res.cloudinary.com/doefhzx01/image/upload/v1786276025/antariya/products/6a15f3ab52b87a00a922c0d9/emlh9pjjvr6adkkkjuid.jpg,https://res.cloudinary.com/doefhzx01/image/upload/v1786276025/antariya/products/6a15f3ab52b87a00a922c0d9/r6b4udwmjw1ihkjldsym.jpg,https://res.cloudinary.com/doefhzx01/image/upload/v1786276025/antariya/products/6a15f3ab52b87a00a922c0d9/tgqstix7aar7pjiv7qpc.jpg,https://res.cloudinary.com/doefhzx01/image/upload/v1786275628/antariya/products/6a15f3ab52b87a00a922c0d9/yheuvmedlpttwt11zlsv.jpg,https://res.cloudinary.com/doefhzx01/image/upload/v1786275628/antariya/products/6a15f3ab52b87a00a922c0d9/kyuhmwic07te2itpvqwv.jpg",new,no,Black,M,,IN,unisex,,Screen Print,adult,,,,,,,,6a78672ed6ac58159859716c,,,
260101101303,Antariya FEIN | Premium Unisex T-Shirt | Polyester Blend & Lycra | Everyday Streetwear Blue M,"Make a bold statement with the Antariya FEIN Edition , designed for those who appreciate clean aesthetics, comfort, and modern streetwear. Crafted from a premium polyester blend with Lycra , this uni…",in_stock,,,https://antariyaofficial.com/product/6a78672ed6ac58159859716c,,https://res.cloudinary.com/doefhzx01/image/upload/v1786275628/antariya/products/6a15f3ab52b87a00a922c0d9/ihwb4yismd435fczm5kv.jpg,699.00 INR,,,no,,,Antariya,,,"https://res.cloudinary.com/doefhzx01/image/upload/v1786275628/antariya/products/6a15f3ab52b87a00a922c0d9/yheuvmedlpttwt11zlsv.jpg,https://res.cloudinary.com/doefhzx01/image/upload/v1786275628/antariya/products/6a15f3ab52b87a00a922c0d9/kyuhmwic07te2itpvqwv.jpg,https://res.cloudinary.com/doefhzx01/image/upload/v1786275628/antariya/products/6a15f3ab52b87a00a922c0d9/pmxaa1p7ggrgprcmxxg2.jpg,https://res.cloudinary.com/doefhzx01/image/upload/v1786275628/antariya/products/6a15f3ab52b87a00a922c0d9/t93grpe9qptnnxfnofkd.jpg,https://res.cloudinary.com/doefhzx01/image/upload/v1786275628/antariya/products/6a15f3ab52b87a00a922c0d9/upk5micrdvzloc356qjd.jpg,https://res.cloudinary.com/doefhzx01/image/upload/v1786276025/antariya/products/6a15f3ab52b87a00a922c0d9/emlh9pjjvr6adkkkjuid.jpg,https://res.cloudinary.com/doefhzx01/image/upload/v1786276025/antariya/products/6a15f3ab52b87a00a922c0d9/r6b4udwmjw1ihkjldsym.jpg,https://res.cloudinary.com/doefhzx01/image/upload/v1786276025/antariya/products/6a15f3ab52b87a00a922c0d9/tgqstix7aar7pjiv7qpc.jpg,https://res.cloudinary.com/doefhzx01/image/upload/v1786275628/antariya/products/6a15f3ab52b87a00a922c0d9/yheuvmedlpttwt11zlsv.jpg,https://res.cloudinary.com/doefhzx01/image/upload/v1786275628/antariya/products/6a15f3ab52b87a00a922c0d9/kyuhmwic07te2itpvqwv.jpg",new,no,Blue,M,,IN,unisex,,Screen Print,adult,,,,,,,,6a78672ed6ac58159859716c,,,
260101101403,Antariya FEIN | Premium Unisex T-Shirt | Polyester Blend & Lycra | Everyday Streetwear Merun Red M,"Make a bold statement with the Antariya FEIN Edition , designed for those who appreciate clean aesthetics, comfort, and modern streetwear. Crafted from a premium polyester blend with Lycra , this uni…",in_stock,,,https://antariyaofficial.com/product/6a78672ed6ac58159859716c,,https://res.cloudinary.com/doefhzx01/image/upload/v1786275628/antariya/products/6a15f3ab52b87a00a922c0d9/ihwb4yismd435fczm5kv.jpg,699.00 INR,,,no,,,Antariya,,,"https://res.cloudinary.com/doefhzx01/image/upload/v1786275628/antariya/products/6a15f3ab52b87a00a922c0d9/yheuvmedlpttwt11zlsv.jpg,https://res.cloudinary.com/doefhzx01/image/upload/v1786275628/antariya/products/6a15f3ab52b87a00a922c0d9/kyuhmwic07te2itpvqwv.jpg,https://res.cloudinary.com/doefhzx01/image/upload/v1786275628/antariya/products/6a15f3ab52b87a00a922c0d9/pmxaa1p7ggrgprcmxxg2.jpg,https://res.cloudinary.com/doefhzx01/image/upload/v1786275628/antariya/products/6a15f3ab52b87a00a922c0d9/t93grpe9qptnnxfnofkd.jpg,https://res.cloudinary.com/doefhzx01/image/upload/v1786275628/antariya/products/6a15f3ab52b87a00a922c0d9/upk5micrdvzloc356qjd.jpg,https://res.cloudinary.com/doefhzx01/image/upload/v1786276025/antariya/products/6a15f3ab52b87a00a922c0d9/emlh9pjjvr6adkkkjuid.jpg,https://res.cloudinary.com/doefhzx01/image/upload/v1786276025/antariya/products/6a15f3ab52b87a00a922c0d9/r6b4udwmjw1ihkjldsym.jpg,https://res.cloudinary.com/doefhzx01/image/upload/v1786276025/antariya/products/6a15f3ab52b87a00a922c0d9/tgqstix7aar7pjiv7qpc.jpg,https://res.cloudinary.com/doefhzx01/image/upload/v1786275628/antariya/products/6a15f3ab52b87a00a922c0d9/yheuvmedlpttwt11zlsv.jpg,https://res.cloudinary.com/doefhzx01/image/upload/v1786275628/antariya/products/6a15f3ab52b87a00a922c0d9/kyuhmwic07te2itpvqwv.jpg",new,no,Merun Red,M,,IN,unisex,,Screen Print,adult,,,,,,,,6a78672ed6ac58159859716c,,,
260101100304,Antariya FEIN | Premium Unisex T-Shirt | Polyester Blend & Lycra | Everyday Streetwear Black L,"Make a bold statement with the Antariya FEIN Edition , designed for those who appreciate clean aesthetics, comfort, and modern streetwear. Crafted from a premium polyester blend with Lycra , this uni…",in_stock,,,https://antariyaofficial.com/product/6a78672ed6ac58159859716c,,https://res.cloudinary.com/doefhzx01/image/upload/v1786275628/antariya/products/6a15f3ab52b87a00a922c0d9/ihwb4yismd435fczm5kv.jpg,699.00 INR,,,no,,,Antariya,,,"https://res.cloudinary.com/doefhzx01/image/upload/v1786275628/antariya/products/6a15f3ab52b87a00a922c0d9/yheuvmedlpttwt11zlsv.jpg,https://res.cloudinary.com/doefhzx01/image/upload/v1786275628/antariya/products/6a15f3ab52b87a00a922c0d9/kyuhmwic07te2itpvqwv.jpg,https://res.cloudinary.com/doefhzx01/image/upload/v1786275628/antariya/products/6a15f3ab52b87a00a922c0d9/pmxaa1p7ggrgprcmxxg2.jpg,https://res.cloudinary.com/doefhzx01/image/upload/v1786275628/antariya/products/6a15f3ab52b87a00a922c0d9/t93grpe9qptnnxfnofkd.jpg,https://res.cloudinary.com/doefhzx01/image/upload/v1786275628/antariya/products/6a15f3ab52b87a00a922c0d9/upk5micrdvzloc356qjd.jpg,https://res.cloudinary.com/doefhzx01/image/upload/v1786276025/antariya/products/6a15f3ab52b87a00a922c0d9/emlh9pjjvr6adkkkjuid.jpg,https://res.cloudinary.com/doefhzx01/image/upload/v1786276025/antariya/products/6a15f3ab52b87a00a922c0d9/r6b4udwmjw1ihkjldsym.jpg,https://res.cloudinary.com/doefhzx01/image/upload/v1786276025/antariya/products/6a15f3ab52b87a00a922c0d9/tgqstix7aar7pjiv7qpc.jpg,https://res.cloudinary.com/doefhzx01/image/upload/v1786275628/antariya/products/6a15f3ab52b87a00a922c0d9/yheuvmedlpttwt11zlsv.jpg,https://res.cloudinary.com/doefhzx01/image/upload/v1786275628/antariya/products/6a15f3ab52b87a00a922c0d9/kyuhmwic07te2itpvqwv.jpg",new,no,Black,L,,IN,unisex,,Screen Print,adult,,,,,,,,6a78672ed6ac58159859716c,,,
260101101304,Antariya FEIN | Premium Unisex T-Shirt | Polyester Blend & Lycra | Everyday Streetwear Blue L,"Make a bold statement with the Antariya FEIN Edition , designed for those who appreciate clean aesthetics, comfort, and modern streetwear. Crafted from a premium polyester blend with Lycra , this uni…",in_stock,,,https://antariyaofficial.com/product/6a78672ed6ac58159859716c,,https://res.cloudinary.com/doefhzx01/image/upload/v1786275628/antariya/products/6a15f3ab52b87a00a922c0d9/ihwb4yismd435fczm5kv.jpg,699.00 INR,,,no,,,Antariya,,,"https://res.cloudinary.com/doefhzx01/image/upload/v1786275628/antariya/products/6a15f3ab52b87a00a922c0d9/yheuvmedlpttwt11zlsv.jpg,https://res.cloudinary.com/doefhzx01/image/upload/v1786275628/antariya/products/6a15f3ab52b87a00a922c0d9/kyuhmwic07te2itpvqwv.jpg,https://res.cloudinary.com/doefhzx01/image/upload/v1786275628/antariya/products/6a15f3ab52b87a00a922c0d9/pmxaa1p7ggrgprcmxxg2.jpg,https://res.cloudinary.com/doefhzx01/image/upload/v1786275628/antariya/products/6a15f3ab52b87a00a922c0d9/t93grpe9qptnnxfnofkd.jpg,https://res.cloudinary.com/doefhzx01/image/upload/v1786275628/antariya/products/6a15f3ab52b87a00a922c0d9/upk5micrdvzloc356qjd.jpg,https://res.cloudinary.com/doefhzx01/image/upload/v1786276025/antariya/products/6a15f3ab52b87a00a922c0d9/emlh9pjjvr6adkkkjuid.jpg,https://res.cloudinary.com/doefhzx01/image/upload/v1786276025/antariya/products/6a15f3ab52b87a00a922c0d9/r6b4udwmjw1ihkjldsym.jpg,https://res.cloudinary.com/doefhzx01/image/upload/v1786276025/antariya/products/6a15f3ab52b87a00a922c0d9/tgqstix7aar7pjiv7qpc.jpg,https://res.cloudinary.com/doefhzx01/image/upload/v1786275628/antariya/products/6a15f3ab52b87a00a922c0d9/yheuvmedlpttwt11zlsv.jpg,https://res.cloudinary.com/doefhzx01/image/upload/v1786275628/antariya/products/6a15f3ab52b87a00a922c0d9/kyuhmwic07te2itpvqwv.jpg",new,no,Blue,L,,IN,unisex,,Screen Print,adult,,,,,,,,6a78672ed6ac58159859716c,,,
260101101404,Antariya FEIN | Premium Unisex T-Shirt | Polyester Blend & Lycra | Everyday Streetwear Merun Red L,"Make a bold statement with the Antariya FEIN Edition , designed for those who appreciate clean aesthetics, comfort, and modern streetwear. Crafted from a premium polyester blend with Lycra , this uni…",in_stock,,,https://antariyaofficial.com/product/6a78672ed6ac58159859716c,,https://res.cloudinary.com/doefhzx01/image/upload/v1786275628/antariya/products/6a15f3ab52b87a00a922c0d9/ihwb4yismd435fczm5kv.jpg,699.00 INR,,,no,,,Antariya,,,"https://res.cloudinary.com/doefhzx01/image/upload/v1786275628/antariya/products/6a15f3ab52b87a00a922c0d9/yheuvmedlpttwt11zlsv.jpg,https://res.cloudinary.com/doefhzx01/image/upload/v1786275628/antariya/products/6a15f3ab52b87a00a922c0d9/kyuhmwic07te2itpvqwv.jpg,https://res.cloudinary.com/doefhzx01/image/upload/v1786275628/antariya/products/6a15f3ab52b87a00a922c0d9/pmxaa1p7ggrgprcmxxg2.jpg,https://res.cloudinary.com/doefhzx01/image/upload/v1786275628/antariya/products/6a15f3ab52b87a00a922c0d9/t93grpe9qptnnxfnofkd.jpg,https://res.cloudinary.com/doefhzx01/image/upload/v1786275628/antariya/products/6a15f3ab52b87a00a922c0d9/upk5micrdvzloc356qjd.jpg,https://res.cloudinary.com/doefhzx01/image/upload/v1786276025/antariya/products/6a15f3ab52b87a00a922c0d9/emlh9pjjvr6adkkkjuid.jpg,https://res.cloudinary.com/doefhzx01/image/upload/v1786276025/antariya/products/6a15f3ab52b87a00a922c0d9/r6b4udwmjw1ihkjldsym.jpg,https://res.cloudinary.com/doefhzx01/image/upload/v1786276025/antariya/products/6a15f3ab52b87a00a922c0d9/tgqstix7aar7pjiv7qpc.jpg,https://res.cloudinary.com/doefhzx01/image/upload/v1786275628/antariya/products/6a15f3ab52b87a00a922c0d9/yheuvmedlpttwt11zlsv.jpg,https://res.cloudinary.com/doefhzx01/image/upload/v1786275628/antariya/products/6a15f3ab52b87a00a922c0d9/kyuhmwic07te2itpvqwv.jpg",new,no,Merun Red,L,,IN,unisex,,Screen Print,adult,,,,,,,,6a78672ed6ac58159859716c,,,
260101100305,Antariya FEIN | Premium Unisex T-Shirt | Polyester Blend & Lycra | Everyday Streetwear Black XL,"Make a bold statement with the Antariya FEIN Edition , designed for those who appreciate clean aesthetics, comfort, and modern streetwear. Crafted from a premium polyester blend with Lycra , this uni…",in_stock,,,https://antariyaofficial.com/product/6a78672ed6ac58159859716c,,https://res.cloudinary.com/doefhzx01/image/upload/v1786275628/antariya/products/6a15f3ab52b87a00a922c0d9/ihwb4yismd435fczm5kv.jpg,699.00 INR,,,no,,,Antariya,,,"https://res.cloudinary.com/doefhzx01/image/upload/v1786275628/antariya/products/6a15f3ab52b87a00a922c0d9/yheuvmedlpttwt11zlsv.jpg,https://res.cloudinary.com/doefhzx01/image/upload/v1786275628/antariya/products/6a15f3ab52b87a00a922c0d9/kyuhmwic07te2itpvqwv.jpg,https://res.cloudinary.com/doefhzx01/image/upload/v1786275628/antariya/products/6a15f3ab52b87a00a922c0d9/pmxaa1p7ggrgprcmxxg2.jpg,https://res.cloudinary.com/doefhzx01/image/upload/v1786275628/antariya/products/6a15f3ab52b87a00a922c0d9/t93grpe9qptnnxfnofkd.jpg,https://res.cloudinary.com/doefhzx01/image/upload/v1786275628/antariya/products/6a15f3ab52b87a00a922c0d9/upk5micrdvzloc356qjd.jpg,https://res.cloudinary.com/doefhzx01/image/upload/v1786276025/antariya/products/6a15f3ab52b87a00a922c0d9/emlh9pjjvr6adkkkjuid.jpg,https://res.cloudinary.com/doefhzx01/image/upload/v1786276025/antariya/products/6a15f3ab52b87a00a922c0d9/r6b4udwmjw1ihkjldsym.jpg,https://res.cloudinary.com/doefhzx01/image/upload/v1786276025/antariya/products/6a15f3ab52b87a00a922c0d9/tgqstix7aar7pjiv7qpc.jpg,https://res.cloudinary.com/doefhzx01/image/upload/v1786275628/antariya/products/6a15f3ab52b87a00a922c0d9/yheuvmedlpttwt11zlsv.jpg,https://res.cloudinary.com/doefhzx01/image/upload/v1786275628/antariya/products/6a15f3ab52b87a00a922c0d9/kyuhmwic07te2itpvqwv.jpg",new,no,Black,XL,,IN,unisex,,Screen Print,adult,,,,,,,,6a78672ed6ac58159859716c,,,
260101101305,Antariya FEIN | Premium Unisex T-Shirt | Polyester Blend & Lycra | Everyday Streetwear Blue XL,"Make a bold statement with the Antariya FEIN Edition , designed for those who appreciate clean aesthetics, comfort, and modern streetwear. Crafted from a premium polyester blend with Lycra , this uni…",in_stock,,,https://antariyaofficial.com/product/6a78672ed6ac58159859716c,,https://res.cloudinary.com/doefhzx01/image/upload/v1786275628/antariya/products/6a15f3ab52b87a00a922c0d9/ihwb4yismd435fczm5kv.jpg,699.00 INR,,,no,,,Antariya,,,"https://res.cloudinary.com/doefhzx01/image/upload/v1786275628/antariya/products/6a15f3ab52b87a00a922c0d9/yheuvmedlpttwt11zlsv.jpg,https://res.cloudinary.com/doefhzx01/image/upload/v1786275628/antariya/products/6a15f3ab52b87a00a922c0d9/kyuhmwic07te2itpvqwv.jpg,https://res.cloudinary.com/doefhzx01/image/upload/v1786275628/antariya/products/6a15f3ab52b87a00a922c0d9/pmxaa1p7ggrgprcmxxg2.jpg,https://res.cloudinary.com/doefhzx01/image/upload/v1786275628/antariya/products/6a15f3ab52b87a00a922c0d9/t93grpe9qptnnxfnofkd.jpg,https://res.cloudinary.com/doefhzx01/image/upload/v1786275628/antariya/products/6a15f3ab52b87a00a922c0d9/upk5micrdvzloc356qjd.jpg,https://res.cloudinary.com/doefhzx01/image/upload/v1786276025/antariya/products/6a15f3ab52b87a00a922c0d9/emlh9pjjvr6adkkkjuid.jpg,https://res.cloudinary.com/doefhzx01/image/upload/v1786276025/antariya/products/6a15f3ab52b87a00a922c0d9/r6b4udwmjw1ihkjldsym.jpg,https://res.cloudinary.com/doefhzx01/image/upload/v1786276025/antariya/products/6a15f3ab52b87a00a922c0d9/tgqstix7aar7pjiv7qpc.jpg,https://res.cloudinary.com/doefhzx01/image/upload/v1786275628/antariya/products/6a15f3ab52b87a00a922c0d9/yheuvmedlpttwt11zlsv.jpg,https://res.cloudinary.com/doefhzx01/image/upload/v1786275628/antariya/products/6a15f3ab52b87a00a922c0d9/kyuhmwic07te2itpvqwv.jpg",new,no,Blue,XL,,IN,unisex,,Screen Print,adult,,,,,,,,6a78672ed6ac58159859716c,,,
260101101405,Antariya FEIN | Premium Unisex T-Shirt | Polyester Blend & Lycra | Everyday Streetwear Merun Red XL,"Make a bold statement with the Antariya FEIN Edition , designed for those who appreciate clean aesthetics, comfort, and modern streetwear. Crafted from a premium polyester blend with Lycra , this uni…",in_stock,,,https://antariyaofficial.com/product/6a78672ed6ac58159859716c,,https://res.cloudinary.com/doefhzx01/image/upload/v1786275628/antariya/products/6a15f3ab52b87a00a922c0d9/ihwb4yismd435fczm5kv.jpg,699.00 INR,,,no,,,Antariya,,,"https://res.cloudinary.com/doefhzx01/image/upload/v1786275628/antariya/products/6a15f3ab52b87a00a922c0d9/yheuvmedlpttwt11zlsv.jpg,https://res.cloudinary.com/doefhzx01/image/upload/v1786275628/antariya/products/6a15f3ab52b87a00a922c0d9/kyuhmwic07te2itpvqwv.jpg,https://res.cloudinary.com/doefhzx01/image/upload/v1786275628/antariya/products/6a15f3ab52b87a00a922c0d9/pmxaa1p7ggrgprcmxxg2.jpg,https://res.cloudinary.com/doefhzx01/image/upload/v1786275628/antariya/products/6a15f3ab52b87a00a922c0d9/t93grpe9qptnnxfnofkd.jpg,https://res.cloudinary.com/doefhzx01/image/upload/v1786275628/antariya/products/6a15f3ab52b87a00a922c0d9/upk5micrdvzloc356qjd.jpg,https://res.cloudinary.com/doefhzx01/image/upload/v1786276025/antariya/products/6a15f3ab52b87a00a922c0d9/emlh9pjjvr6adkkkjuid.jpg,https://res.cloudinary.com/doefhzx01/image/upload/v1786276025/antariya/products/6a15f3ab52b87a00a922c0d9/r6b4udwmjw1ihkjldsym.jpg,https://res.cloudinary.com/doefhzx01/image/upload/v1786276025/antariya/products/6a15f3ab52b87a00a922c0d9/tgqstix7aar7pjiv7qpc.jpg,https://res.cloudinary.com/doefhzx01/image/upload/v1786275628/antariya/products/6a15f3ab52b87a00a922c0d9/yheuvmedlpttwt11zlsv.jpg,https://res.cloudinary.com/doefhzx01/image/upload/v1786275628/antariya/products/6a15f3ab52b87a00a922c0d9/kyuhmwic07te2itpvqwv.jpg",new,no,Merun Red,XL,,IN,unisex,,Screen Print,adult,,,,,,,,6a78672ed6ac58159859716c,,,
260101100306,Antariya FEIN | Premium Unisex T-Shirt | Polyester Blend & Lycra | Everyday Streetwear Black XXL,"Make a bold statement with the Antariya FEIN Edition , designed for those who appreciate clean aesthetics, comfort, and modern streetwear. Crafted from a premium polyester blend with Lycra , this uni…",in_stock,,,https://antariyaofficial.com/product/6a78672ed6ac58159859716c,,https://res.cloudinary.com/doefhzx01/image/upload/v1786275628/antariya/products/6a15f3ab52b87a00a922c0d9/ihwb4yismd435fczm5kv.jpg,699.00 INR,,,no,,,Antariya,,,"https://res.cloudinary.com/doefhzx01/image/upload/v1786275628/antariya/products/6a15f3ab52b87a00a922c0d9/yheuvmedlpttwt11zlsv.jpg,https://res.cloudinary.com/doefhzx01/image/upload/v1786275628/antariya/products/6a15f3ab52b87a00a922c0d9/kyuhmwic07te2itpvqwv.jpg,https://res.cloudinary.com/doefhzx01/image/upload/v1786275628/antariya/products/6a15f3ab52b87a00a922c0d9/pmxaa1p7ggrgprcmxxg2.jpg,https://res.cloudinary.com/doefhzx01/image/upload/v1786275628/antariya/products/6a15f3ab52b87a00a922c0d9/t93grpe9qptnnxfnofkd.jpg,https://res.cloudinary.com/doefhzx01/image/upload/v1786275628/antariya/products/6a15f3ab52b87a00a922c0d9/upk5micrdvzloc356qjd.jpg,https://res.cloudinary.com/doefhzx01/image/upload/v1786276025/antariya/products/6a15f3ab52b87a00a922c0d9/emlh9pjjvr6adkkkjuid.jpg,https://res.cloudinary.com/doefhzx01/image/upload/v1786276025/antariya/products/6a15f3ab52b87a00a922c0d9/r6b4udwmjw1ihkjldsym.jpg,https://res.cloudinary.com/doefhzx01/image/upload/v1786276025/antariya/products/6a15f3ab52b87a00a922c0d9/tgqstix7aar7pjiv7qpc.jpg,https://res.cloudinary.com/doefhzx01/image/upload/v1786275628/antariya/products/6a15f3ab52b87a00a922c0d9/yheuvmedlpttwt11zlsv.jpg,https://res.cloudinary.com/doefhzx01/image/upload/v1786275628/antariya/products/6a15f3ab52b87a00a922c0d9/kyuhmwic07te2itpvqwv.jpg",new,no,Black,XXL,,IN,unisex,,Screen Print,adult,,,,,,,,6a78672ed6ac58159859716c,,,
260101101306,Antariya FEIN | Premium Unisex T-Shirt | Polyester Blend & Lycra | Everyday Streetwear Blue XXL,"Make a bold statement with the Antariya FEIN Edition , designed for those who appreciate clean aesthetics, comfort, and modern streetwear. Crafted from a premium polyester blend with Lycra , this uni…",in_stock,,,https://antariyaofficial.com/product/6a78672ed6ac58159859716c,,https://res.cloudinary.com/doefhzx01/image/upload/v1786275628/antariya/products/6a15f3ab52b87a00a922c0d9/ihwb4yismd435fczm5kv.jpg,699.00 INR,,,no,,,Antariya,,,"https://res.cloudinary.com/doefhzx01/image/upload/v1786275628/antariya/products/6a15f3ab52b87a00a922c0d9/yheuvmedlpttwt11zlsv.jpg,https://res.cloudinary.com/doefhzx01/image/upload/v1786275628/antariya/products/6a15f3ab52b87a00a922c0d9/kyuhmwic07te2itpvqwv.jpg,https://res.cloudinary.com/doefhzx01/image/upload/v1786275628/antariya/products/6a15f3ab52b87a00a922c0d9/pmxaa1p7ggrgprcmxxg2.jpg,https://res.cloudinary.com/doefhzx01/image/upload/v1786275628/antariya/products/6a15f3ab52b87a00a922c0d9/t93grpe9qptnnxfnofkd.jpg,https://res.cloudinary.com/doefhzx01/image/upload/v1786275628/antariya/products/6a15f3ab52b87a00a922c0d9/upk5micrdvzloc356qjd.jpg,https://res.cloudinary.com/doefhzx01/image/upload/v1786276025/antariya/products/6a15f3ab52b87a00a922c0d9/emlh9pjjvr6adkkkjuid.jpg,https://res.cloudinary.com/doefhzx01/image/upload/v1786276025/antariya/products/6a15f3ab52b87a00a922c0d9/r6b4udwmjw1ihkjldsym.jpg,https://res.cloudinary.com/doefhzx01/image/upload/v1786276025/antariya/products/6a15f3ab52b87a00a922c0d9/tgqstix7aar7pjiv7qpc.jpg,https://res.cloudinary.com/doefhzx01/image/upload/v1786275628/antariya/products/6a15f3ab52b87a00a922c0d9/yheuvmedlpttwt11zlsv.jpg,https://res.cloudinary.com/doefhzx01/image/upload/v1786275628/antariya/products/6a15f3ab52b87a00a922c0d9/kyuhmwic07te2itpvqwv.jpg",new,no,Blue,XXL,,IN,unisex,,Screen Print,adult,,,,,,,,6a78672ed6ac58159859716c,,,
260101101406,Antariya FEIN | Premium Unisex T-Shirt | Polyester Blend & Lycra | Everyday Streetwear Merun Red XXL,"Make a bold statement with the Antariya FEIN Edition , designed for those who appreciate clean aesthetics, comfort, and modern streetwear. Crafted from a premium polyester blend with Lycra , this uni…",in_stock,,,https://antariyaofficial.com/product/6a78672ed6ac58159859716c,,https://res.cloudinary.com/doefhzx01/image/upload/v1786275628/antariya/products/6a15f3ab52b87a00a922c0d9/ihwb4yismd435fczm5kv.jpg,699.00 INR,,,no,,,Antariya,,,"https://res.cloudinary.com/doefhzx01/image/upload/v1786275628/antariya/products/6a15f3ab52b87a00a922c0d9/yheuvmedlpttwt11zlsv.jpg,https://res.cloudinary.com/doefhzx01/image/upload/v1786275628/antariya/products/6a15f3ab52b87a00a922c0d9/kyuhmwic07te2itpvqwv.jpg,https://res.cloudinary.com/doefhzx01/image/upload/v1786275628/antariya/products/6a15f3ab52b87a00a922c0d9/pmxaa1p7ggrgprcmxxg2.jpg,https://res.cloudinary.com/doefhzx01/image/upload/v1786275628/antariya/products/6a15f3ab52b87a00a922c0d9/t93grpe9qptnnxfnofkd.jpg,https://res.cloudinary.com/doefhzx01/image/upload/v1786275628/antariya/products/6a15f3ab52b87a00a922c0d9/upk5micrdvzloc356qjd.jpg,https://res.cloudinary.com/doefhzx01/image/upload/v1786276025/antariya/products/6a15f3ab52b87a00a922c0d9/emlh9pjjvr6adkkkjuid.jpg,https://res.cloudinary.com/doefhzx01/image/upload/v1786276025/antariya/products/6a15f3ab52b87a00a922c0d9/r6b4udwmjw1ihkjldsym.jpg,https://res.cloudinary.com/doefhzx01/image/upload/v1786276025/antariya/products/6a15f3ab52b87a00a922c0d9/tgqstix7aar7pjiv7qpc.jpg,https://res.cloudinary.com/doefhzx01/image/upload/v1786275628/antariya/products/6a15f3ab52b87a00a922c0d9/yheuvmedlpttwt11zlsv.jpg,https://res.cloudinary.com/doefhzx01/image/upload/v1786275628/antariya/products/6a15f3ab52b87a00a922c0d9/kyuhmwic07te2itpvqwv.jpg",new,no,Merun Red,XXL,,IN,unisex,,Screen Print,adult,,,,,,,,6a78672ed6ac58159859716c,,,
260100801103,Antariya SWMN – Worldwide | Premium Half Sleeve Sweat Shirt | Imported Luxury Fabric | Streetwear for Men Sand Beige M,"Elevate your everyday wardrobe with the Antariya SWMN – Worldwide Premium Half Sleeve Sweat Shirt , where luxury meets contemporary streetwear. Crafted from premium imported fabric , this sweatshirt…",in_stock,,,https://antariyaofficial.com/product/6a786bb2d6ac58159859734f,,https://res.cloudinary.com/doefhzx01/image/upload/v1786276784/antariya/products/6a15f3ab52b87a00a922c0d9/cjtya9bk5z0ex6immmnv.png,1299.00 INR,,,no,,,Antariya,,,"https://res.cloudinary.com/doefhzx01/image/upload/v1786276784/antariya/products/6a15f3ab52b87a00a922c0d9/j6hy45ee0kpvwkji9qph.png,https://res.cloudinary.com/doefhzx01/image/upload/v1786276784/antariya/products/6a15f3ab52b87a00a922c0d9/nqzxjoggozyqwz4iuxah.jpg,https://res.cloudinary.com/doefhzx01/image/upload/v1786276784/antariya/products/6a15f3ab52b87a00a922c0d9/v1fkkknethaxyxhtfxwy.jpg,https://res.cloudinary.com/doefhzx01/image/upload/v1786276784/antariya/products/6a15f3ab52b87a00a922c0d9/zmj6pdipok7eyw6qowrq.jpg,https://res.cloudinary.com/doefhzx01/image/upload/v1786276866/antariya/products/6a15f3ab52b87a00a922c0d9/pu1g5pmcnexbrm8mh9mt.jpg,https://res.cloudinary.com/doefhzx01/image/upload/v1787729521/antariya/products/6a15f3ab52b87a00a922c0d9/kjflyigah3kvhovdfgkk.png,https://res.cloudinary.com/doefhzx01/image/upload/v1786276784/antariya/products/6a15f3ab52b87a00a922c0d9/j6hy45ee0kpvwkji9qph.png,https://res.cloudinary.com/doefhzx01/image/upload/v1786276784/antariya/products/6a15f3ab52b87a00a922c0d9/nqzxjoggozyqwz4iuxah.jpg,https://res.cloudinary.com/doefhzx01/image/upload/v1786276784/antariya/products/6a15f3ab52b87a00a922c0d9/v1fkkknethaxyxhtfxwy.jpg,https://res.cloudinary.com/doefhzx01/image/upload/v1786276784/antariya/products/6a15f3ab52b87a00a922c0d9/zmj6pdipok7eyw6qowrq.jpg",new,no,Sand Beige,M,,IN,unisex,,Embroidery,adult,,,,,,,,6a786bb2d6ac58159859734f,,,
260100800703,Antariya SWMN – Worldwide | Premium Half Sleeve Sweat Shirt | Imported Luxury Fabric | Streetwear for Men Taupe M,"Elevate your everyday wardrobe with the Antariya SWMN – Worldwide Premium Half Sleeve Sweat Shirt , where luxury meets contemporary streetwear. Crafted from premium imported fabric , this sweatshirt…",in_stock,,,https://antariyaofficial.com/product/6a786bb2d6ac58159859734f,,https://res.cloudinary.com/doefhzx01/image/upload/v1786276784/antariya/products/6a15f3ab52b87a00a922c0d9/cjtya9bk5z0ex6immmnv.png,1299.00 INR,,,no,,,Antariya,,,"https://res.cloudinary.com/doefhzx01/image/upload/v1786276784/antariya/products/6a15f3ab52b87a00a922c0d9/j6hy45ee0kpvwkji9qph.png,https://res.cloudinary.com/doefhzx01/image/upload/v1786276784/antariya/products/6a15f3ab52b87a00a922c0d9/nqzxjoggozyqwz4iuxah.jpg,https://res.cloudinary.com/doefhzx01/image/upload/v1786276784/antariya/products/6a15f3ab52b87a00a922c0d9/v1fkkknethaxyxhtfxwy.jpg,https://res.cloudinary.com/doefhzx01/image/upload/v1786276784/antariya/products/6a15f3ab52b87a00a922c0d9/zmj6pdipok7eyw6qowrq.jpg,https://res.cloudinary.com/doefhzx01/image/upload/v1786276866/antariya/products/6a15f3ab52b87a00a922c0d9/pu1g5pmcnexbrm8mh9mt.jpg,https://res.cloudinary.com/doefhzx01/image/upload/v1787729521/antariya/products/6a15f3ab52b87a00a922c0d9/kjflyigah3kvhovdfgkk.png,https://res.cloudinary.com/doefhzx01/image/upload/v1786276784/antariya/products/6a15f3ab52b87a00a922c0d9/j6hy45ee0kpvwkji9qph.png,https://res.cloudinary.com/doefhzx01/image/upload/v1786276784/antariya/products/6a15f3ab52b87a00a922c0d9/nqzxjoggozyqwz4iuxah.jpg,https://res.cloudinary.com/doefhzx01/image/upload/v1786276784/antariya/products/6a15f3ab52b87a00a922c0d9/v1fkkknethaxyxhtfxwy.jpg,https://res.cloudinary.com/doefhzx01/image/upload/v1786276784/antariya/products/6a15f3ab52b87a00a922c0d9/zmj6pdipok7eyw6qowrq.jpg",new,no,Taupe,M,,IN,unisex,,Embroidery,adult,,,,,,,,6a786bb2d6ac58159859734f,,,
260100800903,Antariya SWMN – Worldwide | Premium Half Sleeve Sweat Shirt | Imported Luxury Fabric | Streetwear for Men Light Grey M,"Elevate your everyday wardrobe with the Antariya SWMN – Worldwide Premium Half Sleeve Sweat Shirt , where luxury meets contemporary streetwear. Crafted from premium imported fabric , this sweatshirt…",in_stock,,,https://antariyaofficial.com/product/6a786bb2d6ac58159859734f,,https://res.cloudinary.com/doefhzx01/image/upload/v1786276784/antariya/products/6a15f3ab52b87a00a922c0d9/cjtya9bk5z0ex6immmnv.png,1299.00 INR,,,no,,,Antariya,,,"https://res.cloudinary.com/doefhzx01/image/upload/v1786276784/antariya/products/6a15f3ab52b87a00a922c0d9/j6hy45ee0kpvwkji9qph.png,https://res.cloudinary.com/doefhzx01/image/upload/v1786276784/antariya/products/6a15f3ab52b87a00a922c0d9/nqzxjoggozyqwz4iuxah.jpg,https://res.cloudinary.com/doefhzx01/image/upload/v1786276784/antariya/products/6a15f3ab52b87a00a922c0d9/v1fkkknethaxyxhtfxwy.jpg,https://res.cloudinary.com/doefhzx01/image/upload/v1786276784/antariya/products/6a15f3ab52b87a00a922c0d9/zmj6pdipok7eyw6qowrq.jpg,https://res.cloudinary.com/doefhzx01/image/upload/v1786276866/antariya/products/6a15f3ab52b87a00a922c0d9/pu1g5pmcnexbrm8mh9mt.jpg,https://res.cloudinary.com/doefhzx01/image/upload/v1787729521/antariya/products/6a15f3ab52b87a00a922c0d9/kjflyigah3kvhovdfgkk.png,https://res.cloudinary.com/doefhzx01/image/upload/v1786276784/antariya/products/6a15f3ab52b87a00a922c0d9/j6hy45ee0kpvwkji9qph.png,https://res.cloudinary.com/doefhzx01/image/upload/v1786276784/antariya/products/6a15f3ab52b87a00a922c0d9/nqzxjoggozyqwz4iuxah.jpg,https://res.cloudinary.com/doefhzx01/image/upload/v1786276784/antariya/products/6a15f3ab52b87a00a922c0d9/v1fkkknethaxyxhtfxwy.jpg,https://res.cloudinary.com/doefhzx01/image/upload/v1786276784/antariya/products/6a15f3ab52b87a00a922c0d9/zmj6pdipok7eyw6qowrq.jpg",new,no,Light Grey,M,,IN,unisex,,Embroidery,adult,,,,,,,,6a786bb2d6ac58159859734f,,,
260100801104,Antariya SWMN – Worldwide | Premium Half Sleeve Sweat Shirt | Imported Luxury Fabric | Streetwear for Men Sand Beige L,"Elevate your everyday wardrobe with the Antariya SWMN – Worldwide Premium Half Sleeve Sweat Shirt , where luxury meets contemporary streetwear. Crafted from premium imported fabric , this sweatshirt…",out_of_stock,,,https://antariyaofficial.com/product/6a786bb2d6ac58159859734f,,https://res.cloudinary.com/doefhzx01/image/upload/v1786276784/antariya/products/6a15f3ab52b87a00a922c0d9/cjtya9bk5z0ex6immmnv.png,1299.00 INR,,,no,,,Antariya,,,"https://res.cloudinary.com/doefhzx01/image/upload/v1786276784/antariya/products/6a15f3ab52b87a00a922c0d9/j6hy45ee0kpvwkji9qph.png,https://res.cloudinary.com/doefhzx01/image/upload/v1786276784/antariya/products/6a15f3ab52b87a00a922c0d9/nqzxjoggozyqwz4iuxah.jpg,https://res.cloudinary.com/doefhzx01/image/upload/v1786276784/antariya/products/6a15f3ab52b87a00a922c0d9/v1fkkknethaxyxhtfxwy.jpg,https://res.cloudinary.com/doefhzx01/image/upload/v1786276784/antariya/products/6a15f3ab52b87a00a922c0d9/zmj6pdipok7eyw6qowrq.jpg,https://res.cloudinary.com/doefhzx01/image/upload/v1786276866/antariya/products/6a15f3ab52b87a00a922c0d9/pu1g5pmcnexbrm8mh9mt.jpg,https://res.cloudinary.com/doefhzx01/image/upload/v1787729521/antariya/products/6a15f3ab52b87a00a922c0d9/kjflyigah3kvhovdfgkk.png,https://res.cloudinary.com/doefhzx01/image/upload/v1786276784/antariya/products/6a15f3ab52b87a00a922c0d9/j6hy45ee0kpvwkji9qph.png,https://res.cloudinary.com/doefhzx01/image/upload/v1786276784/antariya/products/6a15f3ab52b87a00a922c0d9/nqzxjoggozyqwz4iuxah.jpg,https://res.cloudinary.com/doefhzx01/image/upload/v1786276784/antariya/products/6a15f3ab52b87a00a922c0d9/v1fkkknethaxyxhtfxwy.jpg,https://res.cloudinary.com/doefhzx01/image/upload/v1786276784/antariya/products/6a15f3ab52b87a00a922c0d9/zmj6pdipok7eyw6qowrq.jpg",new,no,Sand Beige,L,,IN,unisex,,Embroidery,adult,,,,,,,,6a786bb2d6ac58159859734f,,,
260100800704,Antariya SWMN – Worldwide | Premium Half Sleeve Sweat Shirt | Imported Luxury Fabric | Streetwear for Men Taupe L,"Elevate your everyday wardrobe with the Antariya SWMN – Worldwide Premium Half Sleeve Sweat Shirt , where luxury meets contemporary streetwear. Crafted from premium imported fabric , this sweatshirt…",out_of_stock,,,https://antariyaofficial.com/product/6a786bb2d6ac58159859734f,,https://res.cloudinary.com/doefhzx01/image/upload/v1786276784/antariya/products/6a15f3ab52b87a00a922c0d9/cjtya9bk5z0ex6immmnv.png,1299.00 INR,,,no,,,Antariya,,,"https://res.cloudinary.com/doefhzx01/image/upload/v1786276784/antariya/products/6a15f3ab52b87a00a922c0d9/j6hy45ee0kpvwkji9qph.png,https://res.cloudinary.com/doefhzx01/image/upload/v1786276784/antariya/products/6a15f3ab52b87a00a922c0d9/nqzxjoggozyqwz4iuxah.jpg,https://res.cloudinary.com/doefhzx01/image/upload/v1786276784/antariya/products/6a15f3ab52b87a00a922c0d9/v1fkkknethaxyxhtfxwy.jpg,https://res.cloudinary.com/doefhzx01/image/upload/v1786276784/antariya/products/6a15f3ab52b87a00a922c0d9/zmj6pdipok7eyw6qowrq.jpg,https://res.cloudinary.com/doefhzx01/image/upload/v1786276866/antariya/products/6a15f3ab52b87a00a922c0d9/pu1g5pmcnexbrm8mh9mt.jpg,https://res.cloudinary.com/doefhzx01/image/upload/v1787729521/antariya/products/6a15f3ab52b87a00a922c0d9/kjflyigah3kvhovdfgkk.png,https://res.cloudinary.com/doefhzx01/image/upload/v1786276784/antariya/products/6a15f3ab52b87a00a922c0d9/j6hy45ee0kpvwkji9qph.png,https://res.cloudinary.com/doefhzx01/image/upload/v1786276784/antariya/products/6a15f3ab52b87a00a922c0d9/nqzxjoggozyqwz4iuxah.jpg,https://res.cloudinary.com/doefhzx01/image/upload/v1786276784/antariya/products/6a15f3ab52b87a00a922c0d9/v1fkkknethaxyxhtfxwy.jpg,https://res.cloudinary.com/doefhzx01/image/upload/v1786276784/antariya/products/6a15f3ab52b87a00a922c0d9/zmj6pdipok7eyw6qowrq.jpg",new,no,Taupe,L,,IN,unisex,,Embroidery,adult,,,,,,,,6a786bb2d6ac58159859734f,,,
260100800904,Antariya SWMN – Worldwide | Premium Half Sleeve Sweat Shirt | Imported Luxury Fabric | Streetwear for Men Light Grey L,"Elevate your everyday wardrobe with the Antariya SWMN – Worldwide Premium Half Sleeve Sweat Shirt , where luxury meets contemporary streetwear. Crafted from premium imported fabric , this sweatshirt…",out_of_stock,,,https://antariyaofficial.com/product/6a786bb2d6ac58159859734f,,https://res.cloudinary.com/doefhzx01/image/upload/v1786276784/antariya/products/6a15f3ab52b87a00a922c0d9/cjtya9bk5z0ex6immmnv.png,1299.00 INR,,,no,,,Antariya,,,"https://res.cloudinary.com/doefhzx01/image/upload/v1786276784/antariya/products/6a15f3ab52b87a00a922c0d9/j6hy45ee0kpvwkji9qph.png,https://res.cloudinary.com/doefhzx01/image/upload/v1786276784/antariya/products/6a15f3ab52b87a00a922c0d9/nqzxjoggozyqwz4iuxah.jpg,https://res.cloudinary.com/doefhzx01/image/upload/v1786276784/antariya/products/6a15f3ab52b87a00a922c0d9/v1fkkknethaxyxhtfxwy.jpg,https://res.cloudinary.com/doefhzx01/image/upload/v1786276784/antariya/products/6a15f3ab52b87a00a922c0d9/zmj6pdipok7eyw6qowrq.jpg,https://res.cloudinary.com/doefhzx01/image/upload/v1786276866/antariya/products/6a15f3ab52b87a00a922c0d9/pu1g5pmcnexbrm8mh9mt.jpg,https://res.cloudinary.com/doefhzx01/image/upload/v1787729521/antariya/products/6a15f3ab52b87a00a922c0d9/kjflyigah3kvhovdfgkk.png,https://res.cloudinary.com/doefhzx01/image/upload/v1786276784/antariya/products/6a15f3ab52b87a00a922c0d9/j6hy45ee0kpvwkji9qph.png,https://res.cloudinary.com/doefhzx01/image/upload/v1786276784/antariya/products/6a15f3ab52b87a00a922c0d9/nqzxjoggozyqwz4iuxah.jpg,https://res.cloudinary.com/doefhzx01/image/upload/v1786276784/antariya/products/6a15f3ab52b87a00a922c0d9/v1fkkknethaxyxhtfxwy.jpg,https://res.cloudinary.com/doefhzx01/image/upload/v1786276784/antariya/products/6a15f3ab52b87a00a922c0d9/zmj6pdipok7eyw6qowrq.jpg",new,no,Light Grey,L,,IN,unisex,,Embroidery,adult,,,,,,,,6a786bb2d6ac58159859734f,,,
260100801105,Antariya SWMN – Worldwide | Premium Half Sleeve Sweat Shirt | Imported Luxury Fabric | Streetwear for Men Sand Beige XL,"Elevate your everyday wardrobe with the Antariya SWMN – Worldwide Premium Half Sleeve Sweat Shirt , where luxury meets contemporary streetwear. Crafted from premium imported fabric , this sweatshirt…",out_of_stock,,,https://antariyaofficial.com/product/6a786bb2d6ac58159859734f,,https://res.cloudinary.com/doefhzx01/image/upload/v1786276784/antariya/products/6a15f3ab52b87a00a922c0d9/cjtya9bk5z0ex6immmnv.png,1299.00 INR,,,no,,,Antariya,,,"https://res.cloudinary.com/doefhzx01/image/upload/v1786276784/antariya/products/6a15f3ab52b87a00a922c0d9/j6hy45ee0kpvwkji9qph.png,https://res.cloudinary.com/doefhzx01/image/upload/v1786276784/antariya/products/6a15f3ab52b87a00a922c0d9/nqzxjoggozyqwz4iuxah.jpg,https://res.cloudinary.com/doefhzx01/image/upload/v1786276784/antariya/products/6a15f3ab52b87a00a922c0d9/v1fkkknethaxyxhtfxwy.jpg,https://res.cloudinary.com/doefhzx01/image/upload/v1786276784/antariya/products/6a15f3ab52b87a00a922c0d9/zmj6pdipok7eyw6qowrq.jpg,https://res.cloudinary.com/doefhzx01/image/upload/v1786276866/antariya/products/6a15f3ab52b87a00a922c0d9/pu1g5pmcnexbrm8mh9mt.jpg,https://res.cloudinary.com/doefhzx01/image/upload/v1787729521/antariya/products/6a15f3ab52b87a00a922c0d9/kjflyigah3kvhovdfgkk.png,https://res.cloudinary.com/doefhzx01/image/upload/v1786276784/antariya/products/6a15f3ab52b87a00a922c0d9/j6hy45ee0kpvwkji9qph.png,https://res.cloudinary.com/doefhzx01/image/upload/v1786276784/antariya/products/6a15f3ab52b87a00a922c0d9/nqzxjoggozyqwz4iuxah.jpg,https://res.cloudinary.com/doefhzx01/image/upload/v1786276784/antariya/products/6a15f3ab52b87a00a922c0d9/v1fkkknethaxyxhtfxwy.jpg,https://res.cloudinary.com/doefhzx01/image/upload/v1786276784/antariya/products/6a15f3ab52b87a00a922c0d9/zmj6pdipok7eyw6qowrq.jpg",new,no,Sand Beige,XL,,IN,unisex,,Embroidery,adult,,,,,,,,6a786bb2d6ac58159859734f,,,
260100800705,Antariya SWMN – Worldwide | Premium Half Sleeve Sweat Shirt | Imported Luxury Fabric | Streetwear for Men Taupe XL,"Elevate your everyday wardrobe with the Antariya SWMN – Worldwide Premium Half Sleeve Sweat Shirt , where luxury meets contemporary streetwear. Crafted from premium imported fabric , this sweatshirt…",out_of_stock,,,https://antariyaofficial.com/product/6a786bb2d6ac58159859734f,,https://res.cloudinary.com/doefhzx01/image/upload/v1786276784/antariya/products/6a15f3ab52b87a00a922c0d9/cjtya9bk5z0ex6immmnv.png,1299.00 INR,,,no,,,Antariya,,,"https://res.cloudinary.com/doefhzx01/image/upload/v1786276784/antariya/products/6a15f3ab52b87a00a922c0d9/j6hy45ee0kpvwkji9qph.png,https://res.cloudinary.com/doefhzx01/image/upload/v1786276784/antariya/products/6a15f3ab52b87a00a922c0d9/nqzxjoggozyqwz4iuxah.jpg,https://res.cloudinary.com/doefhzx01/image/upload/v1786276784/antariya/products/6a15f3ab52b87a00a922c0d9/v1fkkknethaxyxhtfxwy.jpg,https://res.cloudinary.com/doefhzx01/image/upload/v1786276784/antariya/products/6a15f3ab52b87a00a922c0d9/zmj6pdipok7eyw6qowrq.jpg,https://res.cloudinary.com/doefhzx01/image/upload/v1786276866/antariya/products/6a15f3ab52b87a00a922c0d9/pu1g5pmcnexbrm8mh9mt.jpg,https://res.cloudinary.com/doefhzx01/image/upload/v1787729521/antariya/products/6a15f3ab52b87a00a922c0d9/kjflyigah3kvhovdfgkk.png,https://res.cloudinary.com/doefhzx01/image/upload/v1786276784/antariya/products/6a15f3ab52b87a00a922c0d9/j6hy45ee0kpvwkji9qph.png,https://res.cloudinary.com/doefhzx01/image/upload/v1786276784/antariya/products/6a15f3ab52b87a00a922c0d9/nqzxjoggozyqwz4iuxah.jpg,https://res.cloudinary.com/doefhzx01/image/upload/v1786276784/antariya/products/6a15f3ab52b87a00a922c0d9/v1fkkknethaxyxhtfxwy.jpg,https://res.cloudinary.com/doefhzx01/image/upload/v1786276784/antariya/products/6a15f3ab52b87a00a922c0d9/zmj6pdipok7eyw6qowrq.jpg",new,no,Taupe,XL,,IN,unisex,,Embroidery,adult,,,,,,,,6a786bb2d6ac58159859734f,,,
260100800905,Antariya SWMN – Worldwide | Premium Half Sleeve Sweat Shirt | Imported Luxury Fabric | Streetwear for Men Light Grey XL,"Elevate your everyday wardrobe with the Antariya SWMN – Worldwide Premium Half Sleeve Sweat Shirt , where luxury meets contemporary streetwear. Crafted from premium imported fabric , this sweatshirt…",out_of_stock,,,https://antariyaofficial.com/product/6a786bb2d6ac58159859734f,,https://res.cloudinary.com/doefhzx01/image/upload/v1786276784/antariya/products/6a15f3ab52b87a00a922c0d9/cjtya9bk5z0ex6immmnv.png,1299.00 INR,,,no,,,Antariya,,,"https://res.cloudinary.com/doefhzx01/image/upload/v1786276784/antariya/products/6a15f3ab52b87a00a922c0d9/j6hy45ee0kpvwkji9qph.png,https://res.cloudinary.com/doefhzx01/image/upload/v1786276784/antariya/products/6a15f3ab52b87a00a922c0d9/nqzxjoggozyqwz4iuxah.jpg,https://res.cloudinary.com/doefhzx01/image/upload/v1786276784/antariya/products/6a15f3ab52b87a00a922c0d9/v1fkkknethaxyxhtfxwy.jpg,https://res.cloudinary.com/doefhzx01/image/upload/v1786276784/antariya/products/6a15f3ab52b87a00a922c0d9/zmj6pdipok7eyw6qowrq.jpg,https://res.cloudinary.com/doefhzx01/image/upload/v1786276866/antariya/products/6a15f3ab52b87a00a922c0d9/pu1g5pmcnexbrm8mh9mt.jpg,https://res.cloudinary.com/doefhzx01/image/upload/v1787729521/antariya/products/6a15f3ab52b87a00a922c0d9/kjflyigah3kvhovdfgkk.png,https://res.cloudinary.com/doefhzx01/image/upload/v1786276784/antariya/products/6a15f3ab52b87a00a922c0d9/j6hy45ee0kpvwkji9qph.png,https://res.cloudinary.com/doefhzx01/image/upload/v1786276784/antariya/products/6a15f3ab52b87a00a922c0d9/nqzxjoggozyqwz4iuxah.jpg,https://res.cloudinary.com/doefhzx01/image/upload/v1786276784/antariya/products/6a15f3ab52b87a00a922c0d9/v1fkkknethaxyxhtfxwy.jpg,https://res.cloudinary.com/doefhzx01/image/upload/v1786276784/antariya/products/6a15f3ab52b87a00a922c0d9/zmj6pdipok7eyw6qowrq.jpg",new,no,Light Grey,XL,,IN,unisex,,Embroidery,adult,,,,,,,,6a786bb2d6ac58159859734f,,,
260100101503,Antariya Kanye West | Premium Graphic Tee | Choco Brown & Forest Green | Streetwear for Men Forest Green M,"Step into bold contemporary streetwear with the Antariya Kanye West Edition Premium Tee , designed for those who appreciate statement graphics, artistic details, and elevated everyday fashion. Crafte…",out_of_stock,,,https://antariyaofficial.com/product/6a7ab660d6ac58159859aad5,,https://res.cloudinary.com/doefhzx01/image/upload/v1786435949/antariya/products/6a15f3ab52b87a00a922c0d9/fm7qzzmli9awbsfap2hw.jpg,999.00 INR,,,no,,,Antariya,,,"https://res.cloudinary.com/doefhzx01/image/upload/v1786435949/antariya/products/6a15f3ab52b87a00a922c0d9/mwz9ohgtarxngkpl7cw3.jpg,https://res.cloudinary.com/doefhzx01/image/upload/v1786435949/antariya/products/6a15f3ab52b87a00a922c0d9/zgqfajhwhqog1xj5wpff.jpg,https://res.cloudinary.com/doefhzx01/image/upload/v1786435950/antariya/products/6a15f3ab52b87a00a922c0d9/jgfbytt9nsutlidcimxv.png,https://res.cloudinary.com/doefhzx01/image/upload/v1786435950/antariya/products/6a15f3ab52b87a00a922c0d9/gbwjccirnexxqjyfzdra.jpg,https://res.cloudinary.com/doefhzx01/image/upload/v1786435949/antariya/products/6a15f3ab52b87a00a922c0d9/m0phwvspc8nj2nz5chq6.jpg,https://res.cloudinary.com/doefhzx01/image/upload/v1787729568/antariya/products/6a15f3ab52b87a00a922c0d9/gk7sn2a8omk49m4vrdso.png,https://res.cloudinary.com/doefhzx01/image/upload/v1786435949/antariya/products/6a15f3ab52b87a00a922c0d9/mwz9ohgtarxngkpl7cw3.jpg,https://res.cloudinary.com/doefhzx01/image/upload/v1786435949/antariya/products/6a15f3ab52b87a00a922c0d9/zgqfajhwhqog1xj5wpff.jpg,https://res.cloudinary.com/doefhzx01/image/upload/v1786435950/antariya/products/6a15f3ab52b87a00a922c0d9/jgfbytt9nsutlidcimxv.png,https://res.cloudinary.com/doefhzx01/image/upload/v1786435950/antariya/products/6a15f3ab52b87a00a922c0d9/gbwjccirnexxqjyfzdra.jpg",new,no,Forest Green,M,,IN,unisex,,Graphic Printed,adult,,,,,,,,6a7ab660d6ac58159859aad5,,,
260100100103,Antariya Kanye West | Premium Graphic Tee | Choco Brown & Forest Green | Streetwear for Men Chocolate Brown M,"Step into bold contemporary streetwear with the Antariya Kanye West Edition Premium Tee , designed for those who appreciate statement graphics, artistic details, and elevated everyday fashion. Crafte…",out_of_stock,,,https://antariyaofficial.com/product/6a7ab660d6ac58159859aad5,,https://res.cloudinary.com/doefhzx01/image/upload/v1786435949/antariya/products/6a15f3ab52b87a00a922c0d9/fm7qzzmli9awbsfap2hw.jpg,999.00 INR,,,no,,,Antariya,,,"https://res.cloudinary.com/doefhzx01/image/upload/v1786435949/antariya/products/6a15f3ab52b87a00a922c0d9/mwz9ohgtarxngkpl7cw3.jpg,https://res.cloudinary.com/doefhzx01/image/upload/v1786435949/antariya/products/6a15f3ab52b87a00a922c0d9/zgqfajhwhqog1xj5wpff.jpg,https://res.cloudinary.com/doefhzx01/image/upload/v1786435950/antariya/products/6a15f3ab52b87a00a922c0d9/jgfbytt9nsutlidcimxv.png,https://res.cloudinary.com/doefhzx01/image/upload/v1786435950/antariya/products/6a15f3ab52b87a00a922c0d9/gbwjccirnexxqjyfzdra.jpg,https://res.cloudinary.com/doefhzx01/image/upload/v1786435949/antariya/products/6a15f3ab52b87a00a922c0d9/m0phwvspc8nj2nz5chq6.jpg,https://res.cloudinary.com/doefhzx01/image/upload/v1787729568/antariya/products/6a15f3ab52b87a00a922c0d9/gk7sn2a8omk49m4vrdso.png,https://res.cloudinary.com/doefhzx01/image/upload/v1786435949/antariya/products/6a15f3ab52b87a00a922c0d9/mwz9ohgtarxngkpl7cw3.jpg,https://res.cloudinary.com/doefhzx01/image/upload/v1786435949/antariya/products/6a15f3ab52b87a00a922c0d9/zgqfajhwhqog1xj5wpff.jpg,https://res.cloudinary.com/doefhzx01/image/upload/v1786435950/antariya/products/6a15f3ab52b87a00a922c0d9/jgfbytt9nsutlidcimxv.png,https://res.cloudinary.com/doefhzx01/image/upload/v1786435950/antariya/products/6a15f3ab52b87a00a922c0d9/gbwjccirnexxqjyfzdra.jpg",new,no,Chocolate Brown,M,,IN,unisex,,Graphic Printed,adult,,,,,,,,6a7ab660d6ac58159859aad5,,,
260100101504,Antariya Kanye West | Premium Graphic Tee | Choco Brown & Forest Green | Streetwear for Men Forest Green L,"Step into bold contemporary streetwear with the Antariya Kanye West Edition Premium Tee , designed for those who appreciate statement graphics, artistic details, and elevated everyday fashion. Crafte…",in_stock,,,https://antariyaofficial.com/product/6a7ab660d6ac58159859aad5,,https://res.cloudinary.com/doefhzx01/image/upload/v1786435949/antariya/products/6a15f3ab52b87a00a922c0d9/fm7qzzmli9awbsfap2hw.jpg,999.00 INR,,,no,,,Antariya,,,"https://res.cloudinary.com/doefhzx01/image/upload/v1786435949/antariya/products/6a15f3ab52b87a00a922c0d9/mwz9ohgtarxngkpl7cw3.jpg,https://res.cloudinary.com/doefhzx01/image/upload/v1786435949/antariya/products/6a15f3ab52b87a00a922c0d9/zgqfajhwhqog1xj5wpff.jpg,https://res.cloudinary.com/doefhzx01/image/upload/v1786435950/antariya/products/6a15f3ab52b87a00a922c0d9/jgfbytt9nsutlidcimxv.png,https://res.cloudinary.com/doefhzx01/image/upload/v1786435950/antariya/products/6a15f3ab52b87a00a922c0d9/gbwjccirnexxqjyfzdra.jpg,https://res.cloudinary.com/doefhzx01/image/upload/v1786435949/antariya/products/6a15f3ab52b87a00a922c0d9/m0phwvspc8nj2nz5chq6.jpg,https://res.cloudinary.com/doefhzx01/image/upload/v1787729568/antariya/products/6a15f3ab52b87a00a922c0d9/gk7sn2a8omk49m4vrdso.png,https://res.cloudinary.com/doefhzx01/image/upload/v1786435949/antariya/products/6a15f3ab52b87a00a922c0d9/mwz9ohgtarxngkpl7cw3.jpg,https://res.cloudinary.com/doefhzx01/image/upload/v1786435949/antariya/products/6a15f3ab52b87a00a922c0d9/zgqfajhwhqog1xj5wpff.jpg,https://res.cloudinary.com/doefhzx01/image/upload/v1786435950/antariya/products/6a15f3ab52b87a00a922c0d9/jgfbytt9nsutlidcimxv.png,https://res.cloudinary.com/doefhzx01/image/upload/v1786435950/antariya/products/6a15f3ab52b87a00a922c0d9/gbwjccirnexxqjyfzdra.jpg",new,no,Forest Green,L,,IN,unisex,,Graphic Printed,adult,,,,,,,,6a7ab660d6ac58159859aad5,,,
260100100104,Antariya Kanye West | Premium Graphic Tee | Choco Brown & Forest Green | Streetwear for Men Chocolate Brown L,"Step into bold contemporary streetwear with the Antariya Kanye West Edition Premium Tee , designed for those who appreciate statement graphics, artistic details, and elevated everyday fashion. Crafte…",out_of_stock,,,https://antariyaofficial.com/product/6a7ab660d6ac58159859aad5,,https://res.cloudinary.com/doefhzx01/image/upload/v1786435949/antariya/products/6a15f3ab52b87a00a922c0d9/fm7qzzmli9awbsfap2hw.jpg,999.00 INR,,,no,,,Antariya,,,"https://res.cloudinary.com/doefhzx01/image/upload/v1786435949/antariya/products/6a15f3ab52b87a00a922c0d9/mwz9ohgtarxngkpl7cw3.jpg,https://res.cloudinary.com/doefhzx01/image/upload/v1786435949/antariya/products/6a15f3ab52b87a00a922c0d9/zgqfajhwhqog1xj5wpff.jpg,https://res.cloudinary.com/doefhzx01/image/upload/v1786435950/antariya/products/6a15f3ab52b87a00a922c0d9/jgfbytt9nsutlidcimxv.png,https://res.cloudinary.com/doefhzx01/image/upload/v1786435950/antariya/products/6a15f3ab52b87a00a922c0d9/gbwjccirnexxqjyfzdra.jpg,https://res.cloudinary.com/doefhzx01/image/upload/v1786435949/antariya/products/6a15f3ab52b87a00a922c0d9/m0phwvspc8nj2nz5chq6.jpg,https://res.cloudinary.com/doefhzx01/image/upload/v1787729568/antariya/products/6a15f3ab52b87a00a922c0d9/gk7sn2a8omk49m4vrdso.png,https://res.cloudinary.com/doefhzx01/image/upload/v1786435949/antariya/products/6a15f3ab52b87a00a922c0d9/mwz9ohgtarxngkpl7cw3.jpg,https://res.cloudinary.com/doefhzx01/image/upload/v1786435949/antariya/products/6a15f3ab52b87a00a922c0d9/zgqfajhwhqog1xj5wpff.jpg,https://res.cloudinary.com/doefhzx01/image/upload/v1786435950/antariya/products/6a15f3ab52b87a00a922c0d9/jgfbytt9nsutlidcimxv.png,https://res.cloudinary.com/doefhzx01/image/upload/v1786435950/antariya/products/6a15f3ab52b87a00a922c0d9/gbwjccirnexxqjyfzdra.jpg",new,no,Chocolate Brown,L,,IN,unisex,,Graphic Printed,adult,,,,,,,,6a7ab660d6ac58159859aad5,,,
260100101505,Antariya Kanye West | Premium Graphic Tee | Choco Brown & Forest Green | Streetwear for Men Forest Green XL,"Step into bold contemporary streetwear with the Antariya Kanye West Edition Premium Tee , designed for those who appreciate statement graphics, artistic details, and elevated everyday fashion. Crafte…",in_stock,,,https://antariyaofficial.com/product/6a7ab660d6ac58159859aad5,,https://res.cloudinary.com/doefhzx01/image/upload/v1786435949/antariya/products/6a15f3ab52b87a00a922c0d9/fm7qzzmli9awbsfap2hw.jpg,999.00 INR,,,no,,,Antariya,,,"https://res.cloudinary.com/doefhzx01/image/upload/v1786435949/antariya/products/6a15f3ab52b87a00a922c0d9/mwz9ohgtarxngkpl7cw3.jpg,https://res.cloudinary.com/doefhzx01/image/upload/v1786435949/antariya/products/6a15f3ab52b87a00a922c0d9/zgqfajhwhqog1xj5wpff.jpg,https://res.cloudinary.com/doefhzx01/image/upload/v1786435950/antariya/products/6a15f3ab52b87a00a922c0d9/jgfbytt9nsutlidcimxv.png,https://res.cloudinary.com/doefhzx01/image/upload/v1786435950/antariya/products/6a15f3ab52b87a00a922c0d9/gbwjccirnexxqjyfzdra.jpg,https://res.cloudinary.com/doefhzx01/image/upload/v1786435949/antariya/products/6a15f3ab52b87a00a922c0d9/m0phwvspc8nj2nz5chq6.jpg,https://res.cloudinary.com/doefhzx01/image/upload/v1787729568/antariya/products/6a15f3ab52b87a00a922c0d9/gk7sn2a8omk49m4vrdso.png,https://res.cloudinary.com/doefhzx01/image/upload/v1786435949/antariya/products/6a15f3ab52b87a00a922c0d9/mwz9ohgtarxngkpl7cw3.jpg,https://res.cloudinary.com/doefhzx01/image/upload/v1786435949/antariya/products/6a15f3ab52b87a00a922c0d9/zgqfajhwhqog1xj5wpff.jpg,https://res.cloudinary.com/doefhzx01/image/upload/v1786435950/antariya/products/6a15f3ab52b87a00a922c0d9/jgfbytt9nsutlidcimxv.png,https://res.cloudinary.com/doefhzx01/image/upload/v1786435950/antariya/products/6a15f3ab52b87a00a922c0d9/gbwjccirnexxqjyfzdra.jpg",new,no,Forest Green,XL,,IN,unisex,,Graphic Printed,adult,,,,,,,,6a7ab660d6ac58159859aad5,,,
260100100105,Antariya Kanye West | Premium Graphic Tee | Choco Brown & Forest Green | Streetwear for Men Chocolate Brown XL,"Step into bold contemporary streetwear with the Antariya Kanye West Edition Premium Tee , designed for those who appreciate statement graphics, artistic details, and elevated everyday fashion. Crafte…",in_stock,,,https://antariyaofficial.com/product/6a7ab660d6ac58159859aad5,,https://res.cloudinary.com/doefhzx01/image/upload/v1786435949/antariya/products/6a15f3ab52b87a00a922c0d9/fm7qzzmli9awbsfap2hw.jpg,999.00 INR,,,no,,,Antariya,,,"https://res.cloudinary.com/doefhzx01/image/upload/v1786435949/antariya/products/6a15f3ab52b87a00a922c0d9/mwz9ohgtarxngkpl7cw3.jpg,https://res.cloudinary.com/doefhzx01/image/upload/v1786435949/antariya/products/6a15f3ab52b87a00a922c0d9/zgqfajhwhqog1xj5wpff.jpg,https://res.cloudinary.com/doefhzx01/image/upload/v1786435950/antariya/products/6a15f3ab52b87a00a922c0d9/jgfbytt9nsutlidcimxv.png,https://res.cloudinary.com/doefhzx01/image/upload/v1786435950/antariya/products/6a15f3ab52b87a00a922c0d9/gbwjccirnexxqjyfzdra.jpg,https://res.cloudinary.com/doefhzx01/image/upload/v1786435949/antariya/products/6a15f3ab52b87a00a922c0d9/m0phwvspc8nj2nz5chq6.jpg,https://res.cloudinary.com/doefhzx01/image/upload/v1787729568/antariya/products/6a15f3ab52b87a00a922c0d9/gk7sn2a8omk49m4vrdso.png,https://res.cloudinary.com/doefhzx01/image/upload/v1786435949/antariya/products/6a15f3ab52b87a00a922c0d9/mwz9ohgtarxngkpl7cw3.jpg,https://res.cloudinary.com/doefhzx01/image/upload/v1786435949/antariya/products/6a15f3ab52b87a00a922c0d9/zgqfajhwhqog1xj5wpff.jpg,https://res.cloudinary.com/doefhzx01/image/upload/v1786435950/antariya/products/6a15f3ab52b87a00a922c0d9/jgfbytt9nsutlidcimxv.png,https://res.cloudinary.com/doefhzx01/image/upload/v1786435950/antariya/products/6a15f3ab52b87a00a922c0d9/gbwjccirnexxqjyfzdra.jpg",new,no,Chocolate Brown,XL,,IN,unisex,,Graphic Printed,adult,,,,,,,,6a7ab660d6ac58159859aad5,,,
260101201003,Antariya Just Be Yourself | Dark Grey | Premium Polyester Blend & Lycra | Unisex Everyday Streetwear M,"Celebrate confidence and self-expression with the Antariya Just Be Yourself Edition, thoughtfully designed for those who embrace their individuality. Crafted from a premium polyester blend with Lycra…",in_stock,,,https://antariyaofficial.com/product/6a8f9a1d5f09e61f7e2251b7,,https://res.cloudinary.com/doefhzx01/image/upload/v1787795995/antariya/products/6a15f3ab52b87a00a922c0d9/knyoe3rtspvcqlpv7rho.jpg,699.00 INR,,,no,,,Antariya,,,"https://res.cloudinary.com/doefhzx01/image/upload/v1787795995/antariya/products/6a15f3ab52b87a00a922c0d9/s5stgyyzw9iagc1ulhnd.jpg,https://res.cloudinary.com/doefhzx01/image/upload/v1787795995/antariya/products/6a15f3ab52b87a00a922c0d9/s5stgyyzw9iagc1ulhnd.jpg",new,no,,M,,IN,unisex,,Screen Printing,adult,,,,,,,,6a8f9a1d5f09e61f7e2251b7,,,
260101201004,Antariya Just Be Yourself | Dark Grey | Premium Polyester Blend & Lycra | Unisex Everyday Streetwear L,"Celebrate confidence and self-expression with the Antariya Just Be Yourself Edition, thoughtfully designed for those who embrace their individuality. Crafted from a premium polyester blend with Lycra…",out_of_stock,,,https://antariyaofficial.com/product/6a8f9a1d5f09e61f7e2251b7,,https://res.cloudinary.com/doefhzx01/image/upload/v1787795995/antariya/products/6a15f3ab52b87a00a922c0d9/knyoe3rtspvcqlpv7rho.jpg,699.00 INR,,,no,,,Antariya,,,"https://res.cloudinary.com/doefhzx01/image/upload/v1787795995/antariya/products/6a15f3ab52b87a00a922c0d9/s5stgyyzw9iagc1ulhnd.jpg,https://res.cloudinary.com/doefhzx01/image/upload/v1787795995/antariya/products/6a15f3ab52b87a00a922c0d9/s5stgyyzw9iagc1ulhnd.jpg",new,no,,L,,IN,unisex,,Screen Printing,adult,,,,,,,,6a8f9a1d5f09e61f7e2251b7,,,
260101201005,Antariya Just Be Yourself | Dark Grey | Premium Polyester Blend & Lycra | Unisex Everyday Streetwear XL,"Celebrate confidence and self-expression with the Antariya Just Be Yourself Edition, thoughtfully designed for those who embrace their individuality. Crafted from a premium polyester blend with Lycra…",out_of_stock,,,https://antariyaofficial.com/product/6a8f9a1d5f09e61f7e2251b7,,https://res.cloudinary.com/doefhzx01/image/upload/v1787795995/antariya/products/6a15f3ab52b87a00a922c0d9/knyoe3rtspvcqlpv7rho.jpg,699.00 INR,,,no,,,Antariya,,,"https://res.cloudinary.com/doefhzx01/image/upload/v1787795995/antariya/products/6a15f3ab52b87a00a922c0d9/s5stgyyzw9iagc1ulhnd.jpg,https://res.cloudinary.com/doefhzx01/image/upload/v1787795995/antariya/products/6a15f3ab52b87a00a922c0d9/s5stgyyzw9iagc1ulhnd.jpg",new,no,,XL,,IN,unisex,,Screen Printing,adult,,,,,,,,6a8f9a1d5f09e61f7e2251b7,,,
260101300303,Antariya Leaf | Black | Premium Polyester | Unisex Everyday Streetwear Black M,"Bring a touch of nature-inspired style to your everyday wardrobe with the Antariya Leaf Edition . Featuring a clean and distinctive leaf-inspired design, this T-shirt combines minimal aesthetics with…",in_stock,,,https://antariyaofficial.com/product/6aafa6c68f9619417537e3c0,,https://res.cloudinary.com/doefhzx01/image/upload/v1789922488/antariya/products/6a15f3ab52b87a00a922c0d9/zp91vmtlixrvdxljyzx4.jpg,299.00 INR,,,no,,,Antariya,,,"https://res.cloudinary.com/doefhzx01/image/upload/v1789922488/antariya/products/6a15f3ab52b87a00a922c0d9/q2nwws7ep2m1qh2ouhbv.jpg,https://res.cloudinary.com/doefhzx01/image/upload/v1789922488/antariya/products/6a15f3ab52b87a00a922c0d9/eak8zja5xn3jk9ydzhaa.jpg,https://res.cloudinary.com/doefhzx01/image/upload/v1789922488/antariya/products/6a15f3ab52b87a00a922c0d9/q2nwws7ep2m1qh2ouhbv.jpg,https://res.cloudinary.com/doefhzx01/image/upload/v1789922488/antariya/products/6a15f3ab52b87a00a922c0d9/eak8zja5xn3jk9ydzhaa.jpg",new,no,Black,M,,IN,unisex,,Solid,adult,,,,,,,,6aafa6c68f9619417537e3c0,,,
260101300304,Antariya Leaf | Black | Premium Polyester | Unisex Everyday Streetwear Black L,"Bring a touch of nature-inspired style to your everyday wardrobe with the Antariya Leaf Edition . Featuring a clean and distinctive leaf-inspired design, this T-shirt combines minimal aesthetics with…",in_stock,,,https://antariyaofficial.com/product/6aafa6c68f9619417537e3c0,,https://res.cloudinary.com/doefhzx01/image/upload/v1789922488/antariya/products/6a15f3ab52b87a00a922c0d9/zp91vmtlixrvdxljyzx4.jpg,299.00 INR,,,no,,,Antariya,,,"https://res.cloudinary.com/doefhzx01/image/upload/v1789922488/antariya/products/6a15f3ab52b87a00a922c0d9/q2nwws7ep2m1qh2ouhbv.jpg,https://res.cloudinary.com/doefhzx01/image/upload/v1789922488/antariya/products/6a15f3ab52b87a00a922c0d9/eak8zja5xn3jk9ydzhaa.jpg,https://res.cloudinary.com/doefhzx01/image/upload/v1789922488/antariya/products/6a15f3ab52b87a00a922c0d9/q2nwws7ep2m1qh2ouhbv.jpg,https://res.cloudinary.com/doefhzx01/image/upload/v1789922488/antariya/products/6a15f3ab52b87a00a922c0d9/eak8zja5xn3jk9ydzhaa.jpg",new,no,Black,L,,IN,unisex,,Solid,adult,,,,,,,,6aafa6c68f9619417537e3c0,,,
260101300305,Antariya Leaf | Black | Premium Polyester | Unisex Everyday Streetwear Black XL,"Bring a touch of nature-inspired style to your everyday wardrobe with the Antariya Leaf Edition . Featuring a clean and distinctive leaf-inspired design, this T-shirt combines minimal aesthetics with…",in_stock,,,https://antariyaofficial.com/product/6aafa6c68f9619417537e3c0,,https://res.cloudinary.com/doefhzx01/image/upload/v1789922488/antariya/products/6a15f3ab52b87a00a922c0d9/zp91vmtlixrvdxljyzx4.jpg,299.00 INR,,,no,,,Antariya,,,"https://res.cloudinary.com/doefhzx01/image/upload/v1789922488/antariya/products/6a15f3ab52b87a00a922c0d9/q2nwws7ep2m1qh2ouhbv.jpg,https://res.cloudinary.com/doefhzx01/image/upload/v1789922488/antariya/products/6a15f3ab52b87a00a922c0d9/eak8zja5xn3jk9ydzhaa.jpg,https://res.cloudinary.com/doefhzx01/image/upload/v1789922488/antariya/products/6a15f3ab52b87a00a922c0d9/q2nwws7ep2m1qh2ouhbv.jpg,https://res.cloudinary.com/doefhzx01/image/upload/v1789922488/antariya/products/6a15f3ab52b87a00a922c0d9/eak8zja5xn3jk9ydzhaa.jpg",new,no,Black,XL,,IN,unisex,,Solid,adult,,,,,,,,6aafa6c68f9619417537e3c0,,,
260101400103,Antariya Arrow Lines | Premium Polyester | Unisex Everyday Streetwear Choco Brown M,"Express your style with the Antariya Arrow Lines Edition , designed for those who prefer a clean, modern aesthetic with a distinctive edge. Crafted from 100% premium polyester , this lightweight T-sh…",in_stock,,,https://antariyaofficial.com/product/6aafad4d8f9619417537e4b3,,https://res.cloudinary.com/doefhzx01/image/upload/v1789922452/antariya/products/6a15f3ab52b87a00a922c0d9/xw5vi8fivbgrxm4vsroy.jpg,299.00 INR,,,no,,,Antariya,,,"https://res.cloudinary.com/doefhzx01/image/upload/v1789922452/antariya/products/6a15f3ab52b87a00a922c0d9/ejvvub7qivixtaypwdeu.jpg,https://res.cloudinary.com/doefhzx01/image/upload/v1789922452/antariya/products/6a15f3ab52b87a00a922c0d9/ftcoypz3ck5fdyrdkdhj.jpg,https://res.cloudinary.com/doefhzx01/image/upload/v1789922452/antariya/products/6a15f3ab52b87a00a922c0d9/ejvvub7qivixtaypwdeu.jpg,https://res.cloudinary.com/doefhzx01/image/upload/v1789922452/antariya/products/6a15f3ab52b87a00a922c0d9/ftcoypz3ck5fdyrdkdhj.jpg",new,no,Choco Brown,M,,IN,unisex,,Solid,adult,,,,,,,,6aafad4d8f9619417537e4b3,,,
260101401903,Antariya Arrow Lines | Premium Polyester | Unisex Everyday Streetwear Grey M,"Express your style with the Antariya Arrow Lines Edition , designed for those who prefer a clean, modern aesthetic with a distinctive edge. Crafted from 100% premium polyester , this lightweight T-sh…",in_stock,,,https://antariyaofficial.com/product/6aafad4d8f9619417537e4b3,,https://res.cloudinary.com/doefhzx01/image/upload/v1789922452/antariya/products/6a15f3ab52b87a00a922c0d9/xw5vi8fivbgrxm4vsroy.jpg,299.00 INR,,,no,,,Antariya,,,"https://res.cloudinary.com/doefhzx01/image/upload/v1789922452/antariya/products/6a15f3ab52b87a00a922c0d9/ejvvub7qivixtaypwdeu.jpg,https://res.cloudinary.com/doefhzx01/image/upload/v1789922452/antariya/products/6a15f3ab52b87a00a922c0d9/ftcoypz3ck5fdyrdkdhj.jpg,https://res.cloudinary.com/doefhzx01/image/upload/v1789922452/antariya/products/6a15f3ab52b87a00a922c0d9/ejvvub7qivixtaypwdeu.jpg,https://res.cloudinary.com/doefhzx01/image/upload/v1789922452/antariya/products/6a15f3ab52b87a00a922c0d9/ftcoypz3ck5fdyrdkdhj.jpg",new,no,Grey,M,,IN,unisex,,Solid,adult,,,,,,,,6aafad4d8f9619417537e4b3,,,
260101401603,Antariya Arrow Lines | Premium Polyester | Unisex Everyday Streetwear Dark Teal Blue M,"Express your style with the Antariya Arrow Lines Edition , designed for those who prefer a clean, modern aesthetic with a distinctive edge. Crafted from 100% premium polyester , this lightweight T-sh…",in_stock,,,https://antariyaofficial.com/product/6aafad4d8f9619417537e4b3,,https://res.cloudinary.com/doefhzx01/image/upload/v1789922452/antariya/products/6a15f3ab52b87a00a922c0d9/xw5vi8fivbgrxm4vsroy.jpg,299.00 INR,,,no,,,Antariya,,,"https://res.cloudinary.com/doefhzx01/image/upload/v1789922452/antariya/products/6a15f3ab52b87a00a922c0d9/ejvvub7qivixtaypwdeu.jpg,https://res.cloudinary.com/doefhzx01/image/upload/v1789922452/antariya/products/6a15f3ab52b87a00a922c0d9/ftcoypz3ck5fdyrdkdhj.jpg,https://res.cloudinary.com/doefhzx01/image/upload/v1789922452/antariya/products/6a15f3ab52b87a00a922c0d9/ejvvub7qivixtaypwdeu.jpg,https://res.cloudinary.com/doefhzx01/image/upload/v1789922452/antariya/products/6a15f3ab52b87a00a922c0d9/ftcoypz3ck5fdyrdkdhj.jpg",new,no,Dark Teal Blue,M,,IN,unisex,,Solid,adult,,,,,,,,6aafad4d8f9619417537e4b3,,,
260101401703,Antariya Arrow Lines | Premium Polyester | Unisex Everyday Streetwear Light Teal Blue M,"Express your style with the Antariya Arrow Lines Edition , designed for those who prefer a clean, modern aesthetic with a distinctive edge. Crafted from 100% premium polyester , this lightweight T-sh…",in_stock,,,https://antariyaofficial.com/product/6aafad4d8f9619417537e4b3,,https://res.cloudinary.com/doefhzx01/image/upload/v1789922452/antariya/products/6a15f3ab52b87a00a922c0d9/xw5vi8fivbgrxm4vsroy.jpg,299.00 INR,,,no,,,Antariya,,,"https://res.cloudinary.com/doefhzx01/image/upload/v1789922452/antariya/products/6a15f3ab52b87a00a922c0d9/ejvvub7qivixtaypwdeu.jpg,https://res.cloudinary.com/doefhzx01/image/upload/v1789922452/antariya/products/6a15f3ab52b87a00a922c0d9/ftcoypz3ck5fdyrdkdhj.jpg,https://res.cloudinary.com/doefhzx01/image/upload/v1789922452/antariya/products/6a15f3ab52b87a00a922c0d9/ejvvub7qivixtaypwdeu.jpg,https://res.cloudinary.com/doefhzx01/image/upload/v1789922452/antariya/products/6a15f3ab52b87a00a922c0d9/ftcoypz3ck5fdyrdkdhj.jpg",new,no,Light Teal Blue,M,,IN,unisex,,Solid,adult,,,,,,,,6aafad4d8f9619417537e4b3,,,
260101401803,Antariya Arrow Lines | Premium Polyester | Unisex Everyday Streetwear Wine Pink M,"Express your style with the Antariya Arrow Lines Edition , designed for those who prefer a clean, modern aesthetic with a distinctive edge. Crafted from 100% premium polyester , this lightweight T-sh…",in_stock,,,https://antariyaofficial.com/product/6aafad4d8f9619417537e4b3,,https://res.cloudinary.com/doefhzx01/image/upload/v1789922452/antariya/products/6a15f3ab52b87a00a922c0d9/xw5vi8fivbgrxm4vsroy.jpg,299.00 INR,,,no,,,Antariya,,,"https://res.cloudinary.com/doefhzx01/image/upload/v1789922452/antariya/products/6a15f3ab52b87a00a922c0d9/ejvvub7qivixtaypwdeu.jpg,https://res.cloudinary.com/doefhzx01/image/upload/v1789922452/antariya/products/6a15f3ab52b87a00a922c0d9/ftcoypz3ck5fdyrdkdhj.jpg,https://res.cloudinary.com/doefhzx01/image/upload/v1789922452/antariya/products/6a15f3ab52b87a00a922c0d9/ejvvub7qivixtaypwdeu.jpg,https://res.cloudinary.com/doefhzx01/image/upload/v1789922452/antariya/products/6a15f3ab52b87a00a922c0d9/ftcoypz3ck5fdyrdkdhj.jpg",new,no,Wine Pink,M,,IN,unisex,,Solid,adult,,,,,,,,6aafad4d8f9619417537e4b3,,,
260101400104,Antariya Arrow Lines | Premium Polyester | Unisex Everyday Streetwear Choco Brown L,"Express your style with the Antariya Arrow Lines Edition , designed for those who prefer a clean, modern aesthetic with a distinctive edge. Crafted from 100% premium polyester , this lightweight T-sh…",in_stock,,,https://antariyaofficial.com/product/6aafad4d8f9619417537e4b3,,https://res.cloudinary.com/doefhzx01/image/upload/v1789922452/antariya/products/6a15f3ab52b87a00a922c0d9/xw5vi8fivbgrxm4vsroy.jpg,299.00 INR,,,no,,,Antariya,,,"https://res.cloudinary.com/doefhzx01/image/upload/v1789922452/antariya/products/6a15f3ab52b87a00a922c0d9/ejvvub7qivixtaypwdeu.jpg,https://res.cloudinary.com/doefhzx01/image/upload/v1789922452/antariya/products/6a15f3ab52b87a00a922c0d9/ftcoypz3ck5fdyrdkdhj.jpg,https://res.cloudinary.com/doefhzx01/image/upload/v1789922452/antariya/products/6a15f3ab52b87a00a922c0d9/ejvvub7qivixtaypwdeu.jpg,https://res.cloudinary.com/doefhzx01/image/upload/v1789922452/antariya/products/6a15f3ab52b87a00a922c0d9/ftcoypz3ck5fdyrdkdhj.jpg",new,no,Choco Brown,L,,IN,unisex,,Solid,adult,,,,,,,,6aafad4d8f9619417537e4b3,,,
260101401904,Antariya Arrow Lines | Premium Polyester | Unisex Everyday Streetwear Grey L,"Express your style with the Antariya Arrow Lines Edition , designed for those who prefer a clean, modern aesthetic with a distinctive edge. Crafted from 100% premium polyester , this lightweight T-sh…",in_stock,,,https://antariyaofficial.com/product/6aafad4d8f9619417537e4b3,,https://res.cloudinary.com/doefhzx01/image/upload/v1789922452/antariya/products/6a15f3ab52b87a00a922c0d9/xw5vi8fivbgrxm4vsroy.jpg,299.00 INR,,,no,,,Antariya,,,"https://res.cloudinary.com/doefhzx01/image/upload/v1789922452/antariya/products/6a15f3ab52b87a00a922c0d9/ejvvub7qivixtaypwdeu.jpg,https://res.cloudinary.com/doefhzx01/image/upload/v1789922452/antariya/products/6a15f3ab52b87a00a922c0d9/ftcoypz3ck5fdyrdkdhj.jpg,https://res.cloudinary.com/doefhzx01/image/upload/v1789922452/antariya/products/6a15f3ab52b87a00a922c0d9/ejvvub7qivixtaypwdeu.jpg,https://res.cloudinary.com/doefhzx01/image/upload/v1789922452/antariya/products/6a15f3ab52b87a00a922c0d9/ftcoypz3ck5fdyrdkdhj.jpg",new,no,Grey,L,,IN,unisex,,Solid,adult,,,,,,,,6aafad4d8f9619417537e4b3,,,
260101401604,Antariya Arrow Lines | Premium Polyester | Unisex Everyday Streetwear Dark Teal Blue L,"Express your style with the Antariya Arrow Lines Edition , designed for those who prefer a clean, modern aesthetic with a distinctive edge. Crafted from 100% premium polyester , this lightweight T-sh…",in_stock,,,https://antariyaofficial.com/product/6aafad4d8f9619417537e4b3,,https://res.cloudinary.com/doefhzx01/image/upload/v1789922452/antariya/products/6a15f3ab52b87a00a922c0d9/xw5vi8fivbgrxm4vsroy.jpg,299.00 INR,,,no,,,Antariya,,,"https://res.cloudinary.com/doefhzx01/image/upload/v1789922452/antariya/products/6a15f3ab52b87a00a922c0d9/ejvvub7qivixtaypwdeu.jpg,https://res.cloudinary.com/doefhzx01/image/upload/v1789922452/antariya/products/6a15f3ab52b87a00a922c0d9/ftcoypz3ck5fdyrdkdhj.jpg,https://res.cloudinary.com/doefhzx01/image/upload/v1789922452/antariya/products/6a15f3ab52b87a00a922c0d9/ejvvub7qivixtaypwdeu.jpg,https://res.cloudinary.com/doefhzx01/image/upload/v1789922452/antariya/products/6a15f3ab52b87a00a922c0d9/ftcoypz3ck5fdyrdkdhj.jpg",new,no,Dark Teal Blue,L,,IN,unisex,,Solid,adult,,,,,,,,6aafad4d8f9619417537e4b3,,,
260101401704,Antariya Arrow Lines | Premium Polyester | Unisex Everyday Streetwear Light Teal Blue L,"Express your style with the Antariya Arrow Lines Edition , designed for those who prefer a clean, modern aesthetic with a distinctive edge. Crafted from 100% premium polyester , this lightweight T-sh…",in_stock,,,https://antariyaofficial.com/product/6aafad4d8f9619417537e4b3,,https://res.cloudinary.com/doefhzx01/image/upload/v1789922452/antariya/products/6a15f3ab52b87a00a922c0d9/xw5vi8fivbgrxm4vsroy.jpg,299.00 INR,,,no,,,Antariya,,,"https://res.cloudinary.com/doefhzx01/image/upload/v1789922452/antariya/products/6a15f3ab52b87a00a922c0d9/ejvvub7qivixtaypwdeu.jpg,https://res.cloudinary.com/doefhzx01/image/upload/v1789922452/antariya/products/6a15f3ab52b87a00a922c0d9/ftcoypz3ck5fdyrdkdhj.jpg,https://res.cloudinary.com/doefhzx01/image/upload/v1789922452/antariya/products/6a15f3ab52b87a00a922c0d9/ejvvub7qivixtaypwdeu.jpg,https://res.cloudinary.com/doefhzx01/image/upload/v1789922452/antariya/products/6a15f3ab52b87a00a922c0d9/ftcoypz3ck5fdyrdkdhj.jpg",new,no,Light Teal Blue,L,,IN,unisex,,Solid,adult,,,,,,,,6aafad4d8f9619417537e4b3,,,
260101401804,Antariya Arrow Lines | Premium Polyester | Unisex Everyday Streetwear Wine Pink L,"Express your style with the Antariya Arrow Lines Edition , designed for those who prefer a clean, modern aesthetic with a distinctive edge. Crafted from 100% premium polyester , this lightweight T-sh…",in_stock,,,https://antariyaofficial.com/product/6aafad4d8f9619417537e4b3,,https://res.cloudinary.com/doefhzx01/image/upload/v1789922452/antariya/products/6a15f3ab52b87a00a922c0d9/xw5vi8fivbgrxm4vsroy.jpg,299.00 INR,,,no,,,Antariya,,,"https://res.cloudinary.com/doefhzx01/image/upload/v1789922452/antariya/products/6a15f3ab52b87a00a922c0d9/ejvvub7qivixtaypwdeu.jpg,https://res.cloudinary.com/doefhzx01/image/upload/v1789922452/antariya/products/6a15f3ab52b87a00a922c0d9/ftcoypz3ck5fdyrdkdhj.jpg,https://res.cloudinary.com/doefhzx01/image/upload/v1789922452/antariya/products/6a15f3ab52b87a00a922c0d9/ejvvub7qivixtaypwdeu.jpg,https://res.cloudinary.com/doefhzx01/image/upload/v1789922452/antariya/products/6a15f3ab52b87a00a922c0d9/ftcoypz3ck5fdyrdkdhj.jpg",new,no,Wine Pink,L,,IN,unisex,,Solid,adult,,,,,,,,6aafad4d8f9619417537e4b3,,,
260101400105,Antariya Arrow Lines | Premium Polyester | Unisex Everyday Streetwear Choco Brown XL,"Express your style with the Antariya Arrow Lines Edition , designed for those who prefer a clean, modern aesthetic with a distinctive edge. Crafted from 100% premium polyester , this lightweight T-sh…",in_stock,,,https://antariyaofficial.com/product/6aafad4d8f9619417537e4b3,,https://res.cloudinary.com/doefhzx01/image/upload/v1789922452/antariya/products/6a15f3ab52b87a00a922c0d9/xw5vi8fivbgrxm4vsroy.jpg,299.00 INR,,,no,,,Antariya,,,"https://res.cloudinary.com/doefhzx01/image/upload/v1789922452/antariya/products/6a15f3ab52b87a00a922c0d9/ejvvub7qivixtaypwdeu.jpg,https://res.cloudinary.com/doefhzx01/image/upload/v1789922452/antariya/products/6a15f3ab52b87a00a922c0d9/ftcoypz3ck5fdyrdkdhj.jpg,https://res.cloudinary.com/doefhzx01/image/upload/v1789922452/antariya/products/6a15f3ab52b87a00a922c0d9/ejvvub7qivixtaypwdeu.jpg,https://res.cloudinary.com/doefhzx01/image/upload/v1789922452/antariya/products/6a15f3ab52b87a00a922c0d9/ftcoypz3ck5fdyrdkdhj.jpg",new,no,Choco Brown,XL,,IN,unisex,,Solid,adult,,,,,,,,6aafad4d8f9619417537e4b3,,,
260101401905,Antariya Arrow Lines | Premium Polyester | Unisex Everyday Streetwear Grey XL,"Express your style with the Antariya Arrow Lines Edition , designed for those who prefer a clean, modern aesthetic with a distinctive edge. Crafted from 100% premium polyester , this lightweight T-sh…",in_stock,,,https://antariyaofficial.com/product/6aafad4d8f9619417537e4b3,,https://res.cloudinary.com/doefhzx01/image/upload/v1789922452/antariya/products/6a15f3ab52b87a00a922c0d9/xw5vi8fivbgrxm4vsroy.jpg,299.00 INR,,,no,,,Antariya,,,"https://res.cloudinary.com/doefhzx01/image/upload/v1789922452/antariya/products/6a15f3ab52b87a00a922c0d9/ejvvub7qivixtaypwdeu.jpg,https://res.cloudinary.com/doefhzx01/image/upload/v1789922452/antariya/products/6a15f3ab52b87a00a922c0d9/ftcoypz3ck5fdyrdkdhj.jpg,https://res.cloudinary.com/doefhzx01/image/upload/v1789922452/antariya/products/6a15f3ab52b87a00a922c0d9/ejvvub7qivixtaypwdeu.jpg,https://res.cloudinary.com/doefhzx01/image/upload/v1789922452/antariya/products/6a15f3ab52b87a00a922c0d9/ftcoypz3ck5fdyrdkdhj.jpg",new,no,Grey,XL,,IN,unisex,,Solid,adult,,,,,,,,6aafad4d8f9619417537e4b3,,,
260101401605,Antariya Arrow Lines | Premium Polyester | Unisex Everyday Streetwear Dark Teal Blue XL,"Express your style with the Antariya Arrow Lines Edition , designed for those who prefer a clean, modern aesthetic with a distinctive edge. Crafted from 100% premium polyester , this lightweight T-sh…",in_stock,,,https://antariyaofficial.com/product/6aafad4d8f9619417537e4b3,,https://res.cloudinary.com/doefhzx01/image/upload/v1789922452/antariya/products/6a15f3ab52b87a00a922c0d9/xw5vi8fivbgrxm4vsroy.jpg,299.00 INR,,,no,,,Antariya,,,"https://res.cloudinary.com/doefhzx01/image/upload/v1789922452/antariya/products/6a15f3ab52b87a00a922c0d9/ejvvub7qivixtaypwdeu.jpg,https://res.cloudinary.com/doefhzx01/image/upload/v1789922452/antariya/products/6a15f3ab52b87a00a922c0d9/ftcoypz3ck5fdyrdkdhj.jpg,https://res.cloudinary.com/doefhzx01/image/upload/v1789922452/antariya/products/6a15f3ab52b87a00a922c0d9/ejvvub7qivixtaypwdeu.jpg,https://res.cloudinary.com/doefhzx01/image/upload/v1789922452/antariya/products/6a15f3ab52b87a00a922c0d9/ftcoypz3ck5fdyrdkdhj.jpg",new,no,Dark Teal Blue,XL,,IN,unisex,,Solid,adult,,,,,,,,6aafad4d8f9619417537e4b3,,,
260101401705,Antariya Arrow Lines | Premium Polyester | Unisex Everyday Streetwear Light Teal Blue XL,"Express your style with the Antariya Arrow Lines Edition , designed for those who prefer a clean, modern aesthetic with a distinctive edge. Crafted from 100% premium polyester , this lightweight T-sh…",in_stock,,,https://antariyaofficial.com/product/6aafad4d8f9619417537e4b3,,https://res.cloudinary.com/doefhzx01/image/upload/v1789922452/antariya/products/6a15f3ab52b87a00a922c0d9/xw5vi8fivbgrxm4vsroy.jpg,299.00 INR,,,no,,,Antariya,,,"https://res.cloudinary.com/doefhzx01/image/upload/v1789922452/antariya/products/6a15f3ab52b87a00a922c0d9/ejvvub7qivixtaypwdeu.jpg,https://res.cloudinary.com/doefhzx01/image/upload/v1789922452/antariya/products/6a15f3ab52b87a00a922c0d9/ftcoypz3ck5fdyrdkdhj.jpg,https://res.cloudinary.com/doefhzx01/image/upload/v1789922452/antariya/products/6a15f3ab52b87a00a922c0d9/ejvvub7qivixtaypwdeu.jpg,https://res.cloudinary.com/doefhzx01/image/upload/v1789922452/antariya/products/6a15f3ab52b87a00a922c0d9/ftcoypz3ck5fdyrdkdhj.jpg",new,no,Light Teal Blue,XL,,IN,unisex,,Solid,adult,,,,,,,,6aafad4d8f9619417537e4b3,,,
260101401805,Antariya Arrow Lines | Premium Polyester | Unisex Everyday Streetwear Wine Pink XL,"Express your style with the Antariya Arrow Lines Edition , designed for those who prefer a clean, modern aesthetic with a distinctive edge. Crafted from 100% premium polyester , this lightweight T-sh…",in_stock,,,https://antariyaofficial.com/product/6aafad4d8f9619417537e4b3,,https://res.cloudinary.com/doefhzx01/image/upload/v1789922452/antariya/products/6a15f3ab52b87a00a922c0d9/xw5vi8fivbgrxm4vsroy.jpg,299.00 INR,,,no,,,Antariya,,,"https://res.cloudinary.com/doefhzx01/image/upload/v1789922452/antariya/products/6a15f3ab52b87a00a922c0d9/ejvvub7qivixtaypwdeu.jpg,https://res.cloudinary.com/doefhzx01/image/upload/v1789922452/antariya/products/6a15f3ab52b87a00a922c0d9/ftcoypz3ck5fdyrdkdhj.jpg,https://res.cloudinary.com/doefhzx01/image/upload/v1789922452/antariya/products/6a15f3ab52b87a00a922c0d9/ejvvub7qivixtaypwdeu.jpg,https://res.cloudinary.com/doefhzx01/image/upload/v1789922452/antariya/products/6a15f3ab52b87a00a922c0d9/ftcoypz3ck5fdyrdkdhj.jpg",new,no,Wine Pink,XL,,IN,unisex,,Solid,adult,,,,,,,,6aafad4d8f9619417537e4b3,,,
260101500603,Antariya Strips | Premium Polyester | Unisex Everyday Active & Streetwear Light Green M,"Stay comfortable, fresh, and ready for anything with the Antariya Strips Edition , designed for everyday movement and active lifestyles. Crafted from 100% premium polyester , this lightweight tee off…",in_stock,,,https://antariyaofficial.com/product/6aafb2b28f9619417537e5f3,,https://res.cloudinary.com/doefhzx01/image/upload/v1789922401/antariya/products/6a15f3ab52b87a00a922c0d9/utl5dtnluaki3ngwbapi.jpg,499.00 INR,,,no,,,Antariya,,,"https://res.cloudinary.com/doefhzx01/image/upload/v1789922401/antariya/products/6a15f3ab52b87a00a922c0d9/ovcnolhsbwe3iy0unp0d.jpg,https://res.cloudinary.com/doefhzx01/image/upload/v1789922401/antariya/products/6a15f3ab52b87a00a922c0d9/vm4bjrc0uxuqgr0phuhb.jpg,https://res.cloudinary.com/doefhzx01/image/upload/v1789922401/antariya/products/6a15f3ab52b87a00a922c0d9/ovcnolhsbwe3iy0unp0d.jpg,https://res.cloudinary.com/doefhzx01/image/upload/v1789922401/antariya/products/6a15f3ab52b87a00a922c0d9/vm4bjrc0uxuqgr0phuhb.jpg",new,no,Light Green,M,,IN,unisex,,Solid,adult,,,,,,,,6aafb2b28f9619417537e5f3,,,
260101502003,Antariya Strips | Premium Polyester | Unisex Everyday Active & Streetwear Brown M,"Stay comfortable, fresh, and ready for anything with the Antariya Strips Edition , designed for everyday movement and active lifestyles. Crafted from 100% premium polyester , this lightweight tee off…",in_stock,,,https://antariyaofficial.com/product/6aafb2b28f9619417537e5f3,,https://res.cloudinary.com/doefhzx01/image/upload/v1789922401/antariya/products/6a15f3ab52b87a00a922c0d9/utl5dtnluaki3ngwbapi.jpg,499.00 INR,,,no,,,Antariya,,,"https://res.cloudinary.com/doefhzx01/image/upload/v1789922401/antariya/products/6a15f3ab52b87a00a922c0d9/ovcnolhsbwe3iy0unp0d.jpg,https://res.cloudinary.com/doefhzx01/image/upload/v1789922401/antariya/products/6a15f3ab52b87a00a922c0d9/vm4bjrc0uxuqgr0phuhb.jpg,https://res.cloudinary.com/doefhzx01/image/upload/v1789922401/antariya/products/6a15f3ab52b87a00a922c0d9/ovcnolhsbwe3iy0unp0d.jpg,https://res.cloudinary.com/doefhzx01/image/upload/v1789922401/antariya/products/6a15f3ab52b87a00a922c0d9/vm4bjrc0uxuqgr0phuhb.jpg",new,no,Brown,M,,IN,unisex,,Solid,adult,,,,,,,,6aafb2b28f9619417537e5f3,,,
260101500103,Antariya Strips | Premium Polyester | Unisex Everyday Active & Streetwear Choco Brown M,"Stay comfortable, fresh, and ready for anything with the Antariya Strips Edition , designed for everyday movement and active lifestyles. Crafted from 100% premium polyester , this lightweight tee off…",in_stock,,,https://antariyaofficial.com/product/6aafb2b28f9619417537e5f3,,https://res.cloudinary.com/doefhzx01/image/upload/v1789922401/antariya/products/6a15f3ab52b87a00a922c0d9/utl5dtnluaki3ngwbapi.jpg,499.00 INR,,,no,,,Antariya,,,"https://res.cloudinary.com/doefhzx01/image/upload/v1789922401/antariya/products/6a15f3ab52b87a00a922c0d9/ovcnolhsbwe3iy0unp0d.jpg,https://res.cloudinary.com/doefhzx01/image/upload/v1789922401/antariya/products/6a15f3ab52b87a00a922c0d9/vm4bjrc0uxuqgr0phuhb.jpg,https://res.cloudinary.com/doefhzx01/image/upload/v1789922401/antariya/products/6a15f3ab52b87a00a922c0d9/ovcnolhsbwe3iy0unp0d.jpg,https://res.cloudinary.com/doefhzx01/image/upload/v1789922401/antariya/products/6a15f3ab52b87a00a922c0d9/vm4bjrc0uxuqgr0phuhb.jpg",new,no,Choco Brown,M,,IN,unisex,,Solid,adult,,,,,,,,6aafb2b28f9619417537e5f3,,,
260101501903,Antariya Strips | Premium Polyester | Unisex Everyday Active & Streetwear Grey M,"Stay comfortable, fresh, and ready for anything with the Antariya Strips Edition , designed for everyday movement and active lifestyles. Crafted from 100% premium polyester , this lightweight tee off…",in_stock,,,https://antariyaofficial.com/product/6aafb2b28f9619417537e5f3,,https://res.cloudinary.com/doefhzx01/image/upload/v1789922401/antariya/products/6a15f3ab52b87a00a922c0d9/utl5dtnluaki3ngwbapi.jpg,499.00 INR,,,no,,,Antariya,,,"https://res.cloudinary.com/doefhzx01/image/upload/v1789922401/antariya/products/6a15f3ab52b87a00a922c0d9/ovcnolhsbwe3iy0unp0d.jpg,https://res.cloudinary.com/doefhzx01/image/upload/v1789922401/antariya/products/6a15f3ab52b87a00a922c0d9/vm4bjrc0uxuqgr0phuhb.jpg,https://res.cloudinary.com/doefhzx01/image/upload/v1789922401/antariya/products/6a15f3ab52b87a00a922c0d9/ovcnolhsbwe3iy0unp0d.jpg,https://res.cloudinary.com/doefhzx01/image/upload/v1789922401/antariya/products/6a15f3ab52b87a00a922c0d9/vm4bjrc0uxuqgr0phuhb.jpg",new,no,Grey,M,,IN,unisex,,Solid,adult,,,,,,,,6aafb2b28f9619417537e5f3,,,
260101502103,Antariya Strips | Premium Polyester | Unisex Everyday Active & Streetwear Light Olive Beige M,"Stay comfortable, fresh, and ready for anything with the Antariya Strips Edition , designed for everyday movement and active lifestyles. Crafted from 100% premium polyester , this lightweight tee off…",in_stock,,,https://antariyaofficial.com/product/6aafb2b28f9619417537e5f3,,https://res.cloudinary.com/doefhzx01/image/upload/v1789922401/antariya/products/6a15f3ab52b87a00a922c0d9/utl5dtnluaki3ngwbapi.jpg,499.00 INR,,,no,,,Antariya,,,"https://res.cloudinary.com/doefhzx01/image/upload/v1789922401/antariya/products/6a15f3ab52b87a00a922c0d9/ovcnolhsbwe3iy0unp0d.jpg,https://res.cloudinary.com/doefhzx01/image/upload/v1789922401/antariya/products/6a15f3ab52b87a00a922c0d9/vm4bjrc0uxuqgr0phuhb.jpg,https://res.cloudinary.com/doefhzx01/image/upload/v1789922401/antariya/products/6a15f3ab52b87a00a922c0d9/ovcnolhsbwe3iy0unp0d.jpg,https://res.cloudinary.com/doefhzx01/image/upload/v1789922401/antariya/products/6a15f3ab52b87a00a922c0d9/vm4bjrc0uxuqgr0phuhb.jpg",new,no,Light Olive Beige,M,,IN,unisex,,Solid,adult,,,,,,,,6aafb2b28f9619417537e5f3,,,
260101502203,Antariya Strips | Premium Polyester | Unisex Everyday Active & Streetwear Royal Blue M,"Stay comfortable, fresh, and ready for anything with the Antariya Strips Edition , designed for everyday movement and active lifestyles. Crafted from 100% premium polyester , this lightweight tee off…",out_of_stock,,,https://antariyaofficial.com/product/6aafb2b28f9619417537e5f3,,https://res.cloudinary.com/doefhzx01/image/upload/v1789922401/antariya/products/6a15f3ab52b87a00a922c0d9/utl5dtnluaki3ngwbapi.jpg,499.00 INR,,,no,,,Antariya,,,"https://res.cloudinary.com/doefhzx01/image/upload/v1789922401/antariya/products/6a15f3ab52b87a00a922c0d9/ovcnolhsbwe3iy0unp0d.jpg,https://res.cloudinary.com/doefhzx01/image/upload/v1789922401/antariya/products/6a15f3ab52b87a00a922c0d9/vm4bjrc0uxuqgr0phuhb.jpg,https://res.cloudinary.com/doefhzx01/image/upload/v1789922401/antariya/products/6a15f3ab52b87a00a922c0d9/ovcnolhsbwe3iy0unp0d.jpg,https://res.cloudinary.com/doefhzx01/image/upload/v1789922401/antariya/products/6a15f3ab52b87a00a922c0d9/vm4bjrc0uxuqgr0phuhb.jpg",new,no,Royal Blue,M,,IN,unisex,,Solid,adult,,,,,,,,6aafb2b28f9619417537e5f3,,,
260101502303,Antariya Strips | Premium Polyester | Unisex Everyday Active & Streetwear Green M,"Stay comfortable, fresh, and ready for anything with the Antariya Strips Edition , designed for everyday movement and active lifestyles. Crafted from 100% premium polyester , this lightweight tee off…",in_stock,,,https://antariyaofficial.com/product/6aafb2b28f9619417537e5f3,,https://res.cloudinary.com/doefhzx01/image/upload/v1789922401/antariya/products/6a15f3ab52b87a00a922c0d9/utl5dtnluaki3ngwbapi.jpg,499.00 INR,,,no,,,Antariya,,,"https://res.cloudinary.com/doefhzx01/image/upload/v1789922401/antariya/products/6a15f3ab52b87a00a922c0d9/ovcnolhsbwe3iy0unp0d.jpg,https://res.cloudinary.com/doefhzx01/image/upload/v1789922401/antariya/products/6a15f3ab52b87a00a922c0d9/vm4bjrc0uxuqgr0phuhb.jpg,https://res.cloudinary.com/doefhzx01/image/upload/v1789922401/antariya/products/6a15f3ab52b87a00a922c0d9/ovcnolhsbwe3iy0unp0d.jpg,https://res.cloudinary.com/doefhzx01/image/upload/v1789922401/antariya/products/6a15f3ab52b87a00a922c0d9/vm4bjrc0uxuqgr0phuhb.jpg",new,no,Green,M,,IN,unisex,,Solid,adult,,,,,,,,6aafb2b28f9619417537e5f3,,,
260101500604,Antariya Strips | Premium Polyester | Unisex Everyday Active & Streetwear Light Green L,"Stay comfortable, fresh, and ready for anything with the Antariya Strips Edition , designed for everyday movement and active lifestyles. Crafted from 100% premium polyester , this lightweight tee off…",in_stock,,,https://antariyaofficial.com/product/6aafb2b28f9619417537e5f3,,https://res.cloudinary.com/doefhzx01/image/upload/v1789922401/antariya/products/6a15f3ab52b87a00a922c0d9/utl5dtnluaki3ngwbapi.jpg,499.00 INR,,,no,,,Antariya,,,"https://res.cloudinary.com/doefhzx01/image/upload/v1789922401/antariya/products/6a15f3ab52b87a00a922c0d9/ovcnolhsbwe3iy0unp0d.jpg,https://res.cloudinary.com/doefhzx01/image/upload/v1789922401/antariya/products/6a15f3ab52b87a00a922c0d9/vm4bjrc0uxuqgr0phuhb.jpg,https://res.cloudinary.com/doefhzx01/image/upload/v1789922401/antariya/products/6a15f3ab52b87a00a922c0d9/ovcnolhsbwe3iy0unp0d.jpg,https://res.cloudinary.com/doefhzx01/image/upload/v1789922401/antariya/products/6a15f3ab52b87a00a922c0d9/vm4bjrc0uxuqgr0phuhb.jpg",new,no,Light Green,L,,IN,unisex,,Solid,adult,,,,,,,,6aafb2b28f9619417537e5f3,,,
260101502004,Antariya Strips | Premium Polyester | Unisex Everyday Active & Streetwear Brown L,"Stay comfortable, fresh, and ready for anything with the Antariya Strips Edition , designed for everyday movement and active lifestyles. Crafted from 100% premium polyester , this lightweight tee off…",in_stock,,,https://antariyaofficial.com/product/6aafb2b28f9619417537e5f3,,https://res.cloudinary.com/doefhzx01/image/upload/v1789922401/antariya/products/6a15f3ab52b87a00a922c0d9/utl5dtnluaki3ngwbapi.jpg,499.00 INR,,,no,,,Antariya,,,"https://res.cloudinary.com/doefhzx01/image/upload/v1789922401/antariya/products/6a15f3ab52b87a00a922c0d9/ovcnolhsbwe3iy0unp0d.jpg,https://res.cloudinary.com/doefhzx01/image/upload/v1789922401/antariya/products/6a15f3ab52b87a00a922c0d9/vm4bjrc0uxuqgr0phuhb.jpg,https://res.cloudinary.com/doefhzx01/image/upload/v1789922401/antariya/products/6a15f3ab52b87a00a922c0d9/ovcnolhsbwe3iy0unp0d.jpg,https://res.cloudinary.com/doefhzx01/image/upload/v1789922401/antariya/products/6a15f3ab52b87a00a922c0d9/vm4bjrc0uxuqgr0phuhb.jpg",new,no,Brown,L,,IN,unisex,,Solid,adult,,,,,,,,6aafb2b28f9619417537e5f3,,,
260101500104,Antariya Strips | Premium Polyester | Unisex Everyday Active & Streetwear Choco Brown L,"Stay comfortable, fresh, and ready for anything with the Antariya Strips Edition , designed for everyday movement and active lifestyles. Crafted from 100% premium polyester , this lightweight tee off…",in_stock,,,https://antariyaofficial.com/product/6aafb2b28f9619417537e5f3,,https://res.cloudinary.com/doefhzx01/image/upload/v1789922401/antariya/products/6a15f3ab52b87a00a922c0d9/utl5dtnluaki3ngwbapi.jpg,499.00 INR,,,no,,,Antariya,,,"https://res.cloudinary.com/doefhzx01/image/upload/v1789922401/antariya/products/6a15f3ab52b87a00a922c0d9/ovcnolhsbwe3iy0unp0d.jpg,https://res.cloudinary.com/doefhzx01/image/upload/v1789922401/antariya/products/6a15f3ab52b87a00a922c0d9/vm4bjrc0uxuqgr0phuhb.jpg,https://res.cloudinary.com/doefhzx01/image/upload/v1789922401/antariya/products/6a15f3ab52b87a00a922c0d9/ovcnolhsbwe3iy0unp0d.jpg,https://res.cloudinary.com/doefhzx01/image/upload/v1789922401/antariya/products/6a15f3ab52b87a00a922c0d9/vm4bjrc0uxuqgr0phuhb.jpg",new,no,Choco Brown,L,,IN,unisex,,Solid,adult,,,,,,,,6aafb2b28f9619417537e5f3,,,
260101501904,Antariya Strips | Premium Polyester | Unisex Everyday Active & Streetwear Grey L,"Stay comfortable, fresh, and ready for anything with the Antariya Strips Edition , designed for everyday movement and active lifestyles. Crafted from 100% premium polyester , this lightweight tee off…",in_stock,,,https://antariyaofficial.com/product/6aafb2b28f9619417537e5f3,,https://res.cloudinary.com/doefhzx01/image/upload/v1789922401/antariya/products/6a15f3ab52b87a00a922c0d9/utl5dtnluaki3ngwbapi.jpg,499.00 INR,,,no,,,Antariya,,,"https://res.cloudinary.com/doefhzx01/image/upload/v1789922401/antariya/products/6a15f3ab52b87a00a922c0d9/ovcnolhsbwe3iy0unp0d.jpg,https://res.cloudinary.com/doefhzx01/image/upload/v1789922401/antariya/products/6a15f3ab52b87a00a922c0d9/vm4bjrc0uxuqgr0phuhb.jpg,https://res.cloudinary.com/doefhzx01/image/upload/v1789922401/antariya/products/6a15f3ab52b87a00a922c0d9/ovcnolhsbwe3iy0unp0d.jpg,https://res.cloudinary.com/doefhzx01/image/upload/v1789922401/antariya/products/6a15f3ab52b87a00a922c0d9/vm4bjrc0uxuqgr0phuhb.jpg",new,no,Grey,L,,IN,unisex,,Solid,adult,,,,,,,,6aafb2b28f9619417537e5f3,,,
260101502104,Antariya Strips | Premium Polyester | Unisex Everyday Active & Streetwear Light Olive Beige L,"Stay comfortable, fresh, and ready for anything with the Antariya Strips Edition , designed for everyday movement and active lifestyles. Crafted from 100% premium polyester , this lightweight tee off…",in_stock,,,https://antariyaofficial.com/product/6aafb2b28f9619417537e5f3,,https://res.cloudinary.com/doefhzx01/image/upload/v1789922401/antariya/products/6a15f3ab52b87a00a922c0d9/utl5dtnluaki3ngwbapi.jpg,499.00 INR,,,no,,,Antariya,,,"https://res.cloudinary.com/doefhzx01/image/upload/v1789922401/antariya/products/6a15f3ab52b87a00a922c0d9/ovcnolhsbwe3iy0unp0d.jpg,https://res.cloudinary.com/doefhzx01/image/upload/v1789922401/antariya/products/6a15f3ab52b87a00a922c0d9/vm4bjrc0uxuqgr0phuhb.jpg,https://res.cloudinary.com/doefhzx01/image/upload/v1789922401/antariya/products/6a15f3ab52b87a00a922c0d9/ovcnolhsbwe3iy0unp0d.jpg,https://res.cloudinary.com/doefhzx01/image/upload/v1789922401/antariya/products/6a15f3ab52b87a00a922c0d9/vm4bjrc0uxuqgr0phuhb.jpg",new,no,Light Olive Beige,L,,IN,unisex,,Solid,adult,,,,,,,,6aafb2b28f9619417537e5f3,,,
260101502204,Antariya Strips | Premium Polyester | Unisex Everyday Active & Streetwear Royal Blue L,"Stay comfortable, fresh, and ready for anything with the Antariya Strips Edition , designed for everyday movement and active lifestyles. Crafted from 100% premium polyester , this lightweight tee off…",in_stock,,,https://antariyaofficial.com/product/6aafb2b28f9619417537e5f3,,https://res.cloudinary.com/doefhzx01/image/upload/v1789922401/antariya/products/6a15f3ab52b87a00a922c0d9/utl5dtnluaki3ngwbapi.jpg,499.00 INR,,,no,,,Antariya,,,"https://res.cloudinary.com/doefhzx01/image/upload/v1789922401/antariya/products/6a15f3ab52b87a00a922c0d9/ovcnolhsbwe3iy0unp0d.jpg,https://res.cloudinary.com/doefhzx01/image/upload/v1789922401/antariya/products/6a15f3ab52b87a00a922c0d9/vm4bjrc0uxuqgr0phuhb.jpg,https://res.cloudinary.com/doefhzx01/image/upload/v1789922401/antariya/products/6a15f3ab52b87a00a922c0d9/ovcnolhsbwe3iy0unp0d.jpg,https://res.cloudinary.com/doefhzx01/image/upload/v1789922401/antariya/products/6a15f3ab52b87a00a922c0d9/vm4bjrc0uxuqgr0phuhb.jpg",new,no,Royal Blue,L,,IN,unisex,,Solid,adult,,,,,,,,6aafb2b28f9619417537e5f3,,,
260101502304,Antariya Strips | Premium Polyester | Unisex Everyday Active & Streetwear Green L,"Stay comfortable, fresh, and ready for anything with the Antariya Strips Edition , designed for everyday movement and active lifestyles. Crafted from 100% premium polyester , this lightweight tee off…",in_stock,,,https://antariyaofficial.com/product/6aafb2b28f9619417537e5f3,,https://res.cloudinary.com/doefhzx01/image/upload/v1789922401/antariya/products/6a15f3ab52b87a00a922c0d9/utl5dtnluaki3ngwbapi.jpg,499.00 INR,,,no,,,Antariya,,,"https://res.cloudinary.com/doefhzx01/image/upload/v1789922401/antariya/products/6a15f3ab52b87a00a922c0d9/ovcnolhsbwe3iy0unp0d.jpg,https://res.cloudinary.com/doefhzx01/image/upload/v1789922401/antariya/products/6a15f3ab52b87a00a922c0d9/vm4bjrc0uxuqgr0phuhb.jpg,https://res.cloudinary.com/doefhzx01/image/upload/v1789922401/antariya/products/6a15f3ab52b87a00a922c0d9/ovcnolhsbwe3iy0unp0d.jpg,https://res.cloudinary.com/doefhzx01/image/upload/v1789922401/antariya/products/6a15f3ab52b87a00a922c0d9/vm4bjrc0uxuqgr0phuhb.jpg",new,no,Green,L,,IN,unisex,,Solid,adult,,,,,,,,6aafb2b28f9619417537e5f3,,,
260101500605,Antariya Strips | Premium Polyester | Unisex Everyday Active & Streetwear Light Green XL,"Stay comfortable, fresh, and ready for anything with the Antariya Strips Edition , designed for everyday movement and active lifestyles. Crafted from 100% premium polyester , this lightweight tee off…",in_stock,,,https://antariyaofficial.com/product/6aafb2b28f9619417537e5f3,,https://res.cloudinary.com/doefhzx01/image/upload/v1789922401/antariya/products/6a15f3ab52b87a00a922c0d9/utl5dtnluaki3ngwbapi.jpg,499.00 INR,,,no,,,Antariya,,,"https://res.cloudinary.com/doefhzx01/image/upload/v1789922401/antariya/products/6a15f3ab52b87a00a922c0d9/ovcnolhsbwe3iy0unp0d.jpg,https://res.cloudinary.com/doefhzx01/image/upload/v1789922401/antariya/products/6a15f3ab52b87a00a922c0d9/vm4bjrc0uxuqgr0phuhb.jpg,https://res.cloudinary.com/doefhzx01/image/upload/v1789922401/antariya/products/6a15f3ab52b87a00a922c0d9/ovcnolhsbwe3iy0unp0d.jpg,https://res.cloudinary.com/doefhzx01/image/upload/v1789922401/antariya/products/6a15f3ab52b87a00a922c0d9/vm4bjrc0uxuqgr0phuhb.jpg",new,no,Light Green,XL,,IN,unisex,,Solid,adult,,,,,,,,6aafb2b28f9619417537e5f3,,,
260101502005,Antariya Strips | Premium Polyester | Unisex Everyday Active & Streetwear Brown XL,"Stay comfortable, fresh, and ready for anything with the Antariya Strips Edition , designed for everyday movement and active lifestyles. Crafted from 100% premium polyester , this lightweight tee off…",in_stock,,,https://antariyaofficial.com/product/6aafb2b28f9619417537e5f3,,https://res.cloudinary.com/doefhzx01/image/upload/v1789922401/antariya/products/6a15f3ab52b87a00a922c0d9/utl5dtnluaki3ngwbapi.jpg,499.00 INR,,,no,,,Antariya,,,"https://res.cloudinary.com/doefhzx01/image/upload/v1789922401/antariya/products/6a15f3ab52b87a00a922c0d9/ovcnolhsbwe3iy0unp0d.jpg,https://res.cloudinary.com/doefhzx01/image/upload/v1789922401/antariya/products/6a15f3ab52b87a00a922c0d9/vm4bjrc0uxuqgr0phuhb.jpg,https://res.cloudinary.com/doefhzx01/image/upload/v1789922401/antariya/products/6a15f3ab52b87a00a922c0d9/ovcnolhsbwe3iy0unp0d.jpg,https://res.cloudinary.com/doefhzx01/image/upload/v1789922401/antariya/products/6a15f3ab52b87a00a922c0d9/vm4bjrc0uxuqgr0phuhb.jpg",new,no,Brown,XL,,IN,unisex,,Solid,adult,,,,,,,,6aafb2b28f9619417537e5f3,,,
260101500105,Antariya Strips | Premium Polyester | Unisex Everyday Active & Streetwear Choco Brown XL,"Stay comfortable, fresh, and ready for anything with the Antariya Strips Edition , designed for everyday movement and active lifestyles. Crafted from 100% premium polyester , this lightweight tee off…",in_stock,,,https://antariyaofficial.com/product/6aafb2b28f9619417537e5f3,,https://res.cloudinary.com/doefhzx01/image/upload/v1789922401/antariya/products/6a15f3ab52b87a00a922c0d9/utl5dtnluaki3ngwbapi.jpg,499.00 INR,,,no,,,Antariya,,,"https://res.cloudinary.com/doefhzx01/image/upload/v1789922401/antariya/products/6a15f3ab52b87a00a922c0d9/ovcnolhsbwe3iy0unp0d.jpg,https://res.cloudinary.com/doefhzx01/image/upload/v1789922401/antariya/products/6a15f3ab52b87a00a922c0d9/vm4bjrc0uxuqgr0phuhb.jpg,https://res.cloudinary.com/doefhzx01/image/upload/v1789922401/antariya/products/6a15f3ab52b87a00a922c0d9/ovcnolhsbwe3iy0unp0d.jpg,https://res.cloudinary.com/doefhzx01/image/upload/v1789922401/antariya/products/6a15f3ab52b87a00a922c0d9/vm4bjrc0uxuqgr0phuhb.jpg",new,no,Choco Brown,XL,,IN,unisex,,Solid,adult,,,,,,,,6aafb2b28f9619417537e5f3,,,
260101501905,Antariya Strips | Premium Polyester | Unisex Everyday Active & Streetwear Grey XL,"Stay comfortable, fresh, and ready for anything with the Antariya Strips Edition , designed for everyday movement and active lifestyles. Crafted from 100% premium polyester , this lightweight tee off…",in_stock,,,https://antariyaofficial.com/product/6aafb2b28f9619417537e5f3,,https://res.cloudinary.com/doefhzx01/image/upload/v1789922401/antariya/products/6a15f3ab52b87a00a922c0d9/utl5dtnluaki3ngwbapi.jpg,499.00 INR,,,no,,,Antariya,,,"https://res.cloudinary.com/doefhzx01/image/upload/v1789922401/antariya/products/6a15f3ab52b87a00a922c0d9/ovcnolhsbwe3iy0unp0d.jpg,https://res.cloudinary.com/doefhzx01/image/upload/v1789922401/antariya/products/6a15f3ab52b87a00a922c0d9/vm4bjrc0uxuqgr0phuhb.jpg,https://res.cloudinary.com/doefhzx01/image/upload/v1789922401/antariya/products/6a15f3ab52b87a00a922c0d9/ovcnolhsbwe3iy0unp0d.jpg,https://res.cloudinary.com/doefhzx01/image/upload/v1789922401/antariya/products/6a15f3ab52b87a00a922c0d9/vm4bjrc0uxuqgr0phuhb.jpg",new,no,Grey,XL,,IN,unisex,,Solid,adult,,,,,,,,6aafb2b28f9619417537e5f3,,,
260101502105,Antariya Strips | Premium Polyester | Unisex Everyday Active & Streetwear Light Olive Beige XL,"Stay comfortable, fresh, and ready for anything with the Antariya Strips Edition , designed for everyday movement and active lifestyles. Crafted from 100% premium polyester , this lightweight tee off…",in_stock,,,https://antariyaofficial.com/product/6aafb2b28f9619417537e5f3,,https://res.cloudinary.com/doefhzx01/image/upload/v1789922401/antariya/products/6a15f3ab52b87a00a922c0d9/utl5dtnluaki3ngwbapi.jpg,499.00 INR,,,no,,,Antariya,,,"https://res.cloudinary.com/doefhzx01/image/upload/v1789922401/antariya/products/6a15f3ab52b87a00a922c0d9/ovcnolhsbwe3iy0unp0d.jpg,https://res.cloudinary.com/doefhzx01/image/upload/v1789922401/antariya/products/6a15f3ab52b87a00a922c0d9/vm4bjrc0uxuqgr0phuhb.jpg,https://res.cloudinary.com/doefhzx01/image/upload/v1789922401/antariya/products/6a15f3ab52b87a00a922c0d9/ovcnolhsbwe3iy0unp0d.jpg,https://res.cloudinary.com/doefhzx01/image/upload/v1789922401/antariya/products/6a15f3ab52b87a00a922c0d9/vm4bjrc0uxuqgr0phuhb.jpg",new,no,Light Olive Beige,XL,,IN,unisex,,Solid,adult,,,,,,,,6aafb2b28f9619417537e5f3,,,
260101502205,Antariya Strips | Premium Polyester | Unisex Everyday Active & Streetwear Royal Blue XL,"Stay comfortable, fresh, and ready for anything with the Antariya Strips Edition , designed for everyday movement and active lifestyles. Crafted from 100% premium polyester , this lightweight tee off…",out_of_stock,,,https://antariyaofficial.com/product/6aafb2b28f9619417537e5f3,,https://res.cloudinary.com/doefhzx01/image/upload/v1789922401/antariya/products/6a15f3ab52b87a00a922c0d9/utl5dtnluaki3ngwbapi.jpg,499.00 INR,,,no,,,Antariya,,,"https://res.cloudinary.com/doefhzx01/image/upload/v1789922401/antariya/products/6a15f3ab52b87a00a922c0d9/ovcnolhsbwe3iy0unp0d.jpg,https://res.cloudinary.com/doefhzx01/image/upload/v1789922401/antariya/products/6a15f3ab52b87a00a922c0d9/vm4bjrc0uxuqgr0phuhb.jpg,https://res.cloudinary.com/doefhzx01/image/upload/v1789922401/antariya/products/6a15f3ab52b87a00a922c0d9/ovcnolhsbwe3iy0unp0d.jpg,https://res.cloudinary.com/doefhzx01/image/upload/v1789922401/antariya/products/6a15f3ab52b87a00a922c0d9/vm4bjrc0uxuqgr0phuhb.jpg",new,no,Royal Blue,XL,,IN,unisex,,Solid,adult,,,,,,,,6aafb2b28f9619417537e5f3,,,
260101502305,Antariya Strips | Premium Polyester | Unisex Everyday Active & Streetwear Green XL,"Stay comfortable, fresh, and ready for anything with the Antariya Strips Edition , designed for everyday movement and active lifestyles. Crafted from 100% premium polyester , this lightweight tee off…",in_stock,,,https://antariyaofficial.com/product/6aafb2b28f9619417537e5f3,,https://res.cloudinary.com/doefhzx01/image/upload/v1789922401/antariya/products/6a15f3ab52b87a00a922c0d9/utl5dtnluaki3ngwbapi.jpg,499.00 INR,,,no,,,Antariya,,,"https://res.cloudinary.com/doefhzx01/image/upload/v1789922401/antariya/products/6a15f3ab52b87a00a922c0d9/ovcnolhsbwe3iy0unp0d.jpg,https://res.cloudinary.com/doefhzx01/image/upload/v1789922401/antariya/products/6a15f3ab52b87a00a922c0d9/vm4bjrc0uxuqgr0phuhb.jpg,https://res.cloudinary.com/doefhzx01/image/upload/v1789922401/antariya/products/6a15f3ab52b87a00a922c0d9/ovcnolhsbwe3iy0unp0d.jpg,https://res.cloudinary.com/doefhzx01/image/upload/v1789922401/antariya/products/6a15f3ab52b87a00a922c0d9/vm4bjrc0uxuqgr0phuhb.jpg",new,no,Green,XL,,IN,unisex,,Solid,adult,,,,,,,,6aafb2b28f9619417537e5f3,,,
260101602403,Antariya Braces | Premium Polyester | Unisex Everyday Streetwear Skin M,"Keep your everyday style clean, comfortable, and effortlessly distinctive with the Antariya Braces Edition. Designed with a contemporary aesthetic, this versatile T-shirt features a unique Braces gra…",in_stock,,,https://antariyaofficial.com/product/6aafb88c8f9619417537e6cf,,https://res.cloudinary.com/doefhzx01/image/upload/v1789922359/antariya/products/6a15f3ab52b87a00a922c0d9/wsgxxd7zh0cmzbicosjj.jpg,299.00 INR,,,no,,,Antariya,,,"https://res.cloudinary.com/doefhzx01/image/upload/v1789922359/antariya/products/6a15f3ab52b87a00a922c0d9/fsddnepx85ervtgbzmks.jpg,https://res.cloudinary.com/doefhzx01/image/upload/v1789922359/antariya/products/6a15f3ab52b87a00a922c0d9/xjdcab3sxmflxn8wz9au.jpg,https://res.cloudinary.com/doefhzx01/image/upload/v1789922359/antariya/products/6a15f3ab52b87a00a922c0d9/fsddnepx85ervtgbzmks.jpg,https://res.cloudinary.com/doefhzx01/image/upload/v1789922359/antariya/products/6a15f3ab52b87a00a922c0d9/xjdcab3sxmflxn8wz9au.jpg",new,no,Skin,M,,IN,unisex,,Solid,adult,,,,,,,,6aafb88c8f9619417537e6cf,,,
260101601803,Antariya Braces | Premium Polyester | Unisex Everyday Streetwear Wine Pink M,"Keep your everyday style clean, comfortable, and effortlessly distinctive with the Antariya Braces Edition. Designed with a contemporary aesthetic, this versatile T-shirt features a unique Braces gra…",in_stock,,,https://antariyaofficial.com/product/6aafb88c8f9619417537e6cf,,https://res.cloudinary.com/doefhzx01/image/upload/v1789922359/antariya/products/6a15f3ab52b87a00a922c0d9/wsgxxd7zh0cmzbicosjj.jpg,299.00 INR,,,no,,,Antariya,,,"https://res.cloudinary.com/doefhzx01/image/upload/v1789922359/antariya/products/6a15f3ab52b87a00a922c0d9/fsddnepx85ervtgbzmks.jpg,https://res.cloudinary.com/doefhzx01/image/upload/v1789922359/antariya/products/6a15f3ab52b87a00a922c0d9/xjdcab3sxmflxn8wz9au.jpg,https://res.cloudinary.com/doefhzx01/image/upload/v1789922359/antariya/products/6a15f3ab52b87a00a922c0d9/fsddnepx85ervtgbzmks.jpg,https://res.cloudinary.com/doefhzx01/image/upload/v1789922359/antariya/products/6a15f3ab52b87a00a922c0d9/xjdcab3sxmflxn8wz9au.jpg",new,no,Wine Pink,M,,IN,unisex,,Solid,adult,,,,,,,,6aafb88c8f9619417537e6cf,,,
260101602503,Antariya Braces | Premium Polyester | Unisex Everyday Streetwear Beige M,"Keep your everyday style clean, comfortable, and effortlessly distinctive with the Antariya Braces Edition. Designed with a contemporary aesthetic, this versatile T-shirt features a unique Braces gra…",in_stock,,,https://antariyaofficial.com/product/6aafb88c8f9619417537e6cf,,https://res.cloudinary.com/doefhzx01/image/upload/v1789922359/antariya/products/6a15f3ab52b87a00a922c0d9/wsgxxd7zh0cmzbicosjj.jpg,299.00 INR,,,no,,,Antariya,,,"https://res.cloudinary.com/doefhzx01/image/upload/v1789922359/antariya/products/6a15f3ab52b87a00a922c0d9/fsddnepx85ervtgbzmks.jpg,https://res.cloudinary.com/doefhzx01/image/upload/v1789922359/antariya/products/6a15f3ab52b87a00a922c0d9/xjdcab3sxmflxn8wz9au.jpg,https://res.cloudinary.com/doefhzx01/image/upload/v1789922359/antariya/products/6a15f3ab52b87a00a922c0d9/fsddnepx85ervtgbzmks.jpg,https://res.cloudinary.com/doefhzx01/image/upload/v1789922359/antariya/products/6a15f3ab52b87a00a922c0d9/xjdcab3sxmflxn8wz9au.jpg",new,no,Beige,M,,IN,unisex,,Solid,adult,,,,,,,,6aafb88c8f9619417537e6cf,,,
260101602603,Antariya Braces | Premium Polyester | Unisex Everyday Streetwear Nach Green M,"Keep your everyday style clean, comfortable, and effortlessly distinctive with the Antariya Braces Edition. Designed with a contemporary aesthetic, this versatile T-shirt features a unique Braces gra…",in_stock,,,https://antariyaofficial.com/product/6aafb88c8f9619417537e6cf,,https://res.cloudinary.com/doefhzx01/image/upload/v1789922359/antariya/products/6a15f3ab52b87a00a922c0d9/wsgxxd7zh0cmzbicosjj.jpg,299.00 INR,,,no,,,Antariya,,,"https://res.cloudinary.com/doefhzx01/image/upload/v1789922359/antariya/products/6a15f3ab52b87a00a922c0d9/fsddnepx85ervtgbzmks.jpg,https://res.cloudinary.com/doefhzx01/image/upload/v1789922359/antariya/products/6a15f3ab52b87a00a922c0d9/xjdcab3sxmflxn8wz9au.jpg,https://res.cloudinary.com/doefhzx01/image/upload/v1789922359/antariya/products/6a15f3ab52b87a00a922c0d9/fsddnepx85ervtgbzmks.jpg,https://res.cloudinary.com/doefhzx01/image/upload/v1789922359/antariya/products/6a15f3ab52b87a00a922c0d9/xjdcab3sxmflxn8wz9au.jpg",new,no,Nach Green,M,,IN,unisex,,Solid,adult,,,,,,,,6aafb88c8f9619417537e6cf,,,
260101601903,Antariya Braces | Premium Polyester | Unisex Everyday Streetwear Grey M,"Keep your everyday style clean, comfortable, and effortlessly distinctive with the Antariya Braces Edition. Designed with a contemporary aesthetic, this versatile T-shirt features a unique Braces gra…",out_of_stock,,,https://antariyaofficial.com/product/6aafb88c8f9619417537e6cf,,https://res.cloudinary.com/doefhzx01/image/upload/v1789922359/antariya/products/6a15f3ab52b87a00a922c0d9/wsgxxd7zh0cmzbicosjj.jpg,299.00 INR,,,no,,,Antariya,,,"https://res.cloudinary.com/doefhzx01/image/upload/v1789922359/antariya/products/6a15f3ab52b87a00a922c0d9/fsddnepx85ervtgbzmks.jpg,https://res.cloudinary.com/doefhzx01/image/upload/v1789922359/antariya/products/6a15f3ab52b87a00a922c0d9/xjdcab3sxmflxn8wz9au.jpg,https://res.cloudinary.com/doefhzx01/image/upload/v1789922359/antariya/products/6a15f3ab52b87a00a922c0d9/fsddnepx85ervtgbzmks.jpg,https://res.cloudinary.com/doefhzx01/image/upload/v1789922359/antariya/products/6a15f3ab52b87a00a922c0d9/xjdcab3sxmflxn8wz9au.jpg",new,no,Grey,M,,IN,unisex,,Solid,adult,,,,,,,,6aafb88c8f9619417537e6cf,,,
260101602703,Antariya Braces | Premium Polyester | Unisex Everyday Streetwear Sky Blue M,"Keep your everyday style clean, comfortable, and effortlessly distinctive with the Antariya Braces Edition. Designed with a contemporary aesthetic, this versatile T-shirt features a unique Braces gra…",out_of_stock,,,https://antariyaofficial.com/product/6aafb88c8f9619417537e6cf,,https://res.cloudinary.com/doefhzx01/image/upload/v1789922359/antariya/products/6a15f3ab52b87a00a922c0d9/wsgxxd7zh0cmzbicosjj.jpg,299.00 INR,,,no,,,Antariya,,,"https://res.cloudinary.com/doefhzx01/image/upload/v1789922359/antariya/products/6a15f3ab52b87a00a922c0d9/fsddnepx85ervtgbzmks.jpg,https://res.cloudinary.com/doefhzx01/image/upload/v1789922359/antariya/products/6a15f3ab52b87a00a922c0d9/xjdcab3sxmflxn8wz9au.jpg,https://res.cloudinary.com/doefhzx01/image/upload/v1789922359/antariya/products/6a15f3ab52b87a00a922c0d9/fsddnepx85ervtgbzmks.jpg,https://res.cloudinary.com/doefhzx01/image/upload/v1789922359/antariya/products/6a15f3ab52b87a00a922c0d9/xjdcab3sxmflxn8wz9au.jpg",new,no,Sky Blue,M,,IN,unisex,,Solid,adult,,,,,,,,6aafb88c8f9619417537e6cf,,,
260101602404,Antariya Braces | Premium Polyester | Unisex Everyday Streetwear Skin L,"Keep your everyday style clean, comfortable, and effortlessly distinctive with the Antariya Braces Edition. Designed with a contemporary aesthetic, this versatile T-shirt features a unique Braces gra…",in_stock,,,https://antariyaofficial.com/product/6aafb88c8f9619417537e6cf,,https://res.cloudinary.com/doefhzx01/image/upload/v1789922359/antariya/products/6a15f3ab52b87a00a922c0d9/wsgxxd7zh0cmzbicosjj.jpg,299.00 INR,,,no,,,Antariya,,,"https://res.cloudinary.com/doefhzx01/image/upload/v1789922359/antariya/products/6a15f3ab52b87a00a922c0d9/fsddnepx85ervtgbzmks.jpg,https://res.cloudinary.com/doefhzx01/image/upload/v1789922359/antariya/products/6a15f3ab52b87a00a922c0d9/xjdcab3sxmflxn8wz9au.jpg,https://res.cloudinary.com/doefhzx01/image/upload/v1789922359/antariya/products/6a15f3ab52b87a00a922c0d9/fsddnepx85ervtgbzmks.jpg,https://res.cloudinary.com/doefhzx01/image/upload/v1789922359/antariya/products/6a15f3ab52b87a00a922c0d9/xjdcab3sxmflxn8wz9au.jpg",new,no,Skin,L,,IN,unisex,,Solid,adult,,,,,,,,6aafb88c8f9619417537e6cf,,,
260101601804,Antariya Braces | Premium Polyester | Unisex Everyday Streetwear Wine Pink L,"Keep your everyday style clean, comfortable, and effortlessly distinctive with the Antariya Braces Edition. Designed with a contemporary aesthetic, this versatile T-shirt features a unique Braces gra…",in_stock,,,https://antariyaofficial.com/product/6aafb88c8f9619417537e6cf,,https://res.cloudinary.com/doefhzx01/image/upload/v1789922359/antariya/products/6a15f3ab52b87a00a922c0d9/wsgxxd7zh0cmzbicosjj.jpg,299.00 INR,,,no,,,Antariya,,,"https://res.cloudinary.com/doefhzx01/image/upload/v1789922359/antariya/products/6a15f3ab52b87a00a922c0d9/fsddnepx85ervtgbzmks.jpg,https://res.cloudinary.com/doefhzx01/image/upload/v1789922359/antariya/products/6a15f3ab52b87a00a922c0d9/xjdcab3sxmflxn8wz9au.jpg,https://res.cloudinary.com/doefhzx01/image/upload/v1789922359/antariya/products/6a15f3ab52b87a00a922c0d9/fsddnepx85ervtgbzmks.jpg,https://res.cloudinary.com/doefhzx01/image/upload/v1789922359/antariya/products/6a15f3ab52b87a00a922c0d9/xjdcab3sxmflxn8wz9au.jpg",new,no,Wine Pink,L,,IN,unisex,,Solid,adult,,,,,,,,6aafb88c8f9619417537e6cf,,,
260101602504,Antariya Braces | Premium Polyester | Unisex Everyday Streetwear Beige L,"Keep your everyday style clean, comfortable, and effortlessly distinctive with the Antariya Braces Edition. Designed with a contemporary aesthetic, this versatile T-shirt features a unique Braces gra…",in_stock,,,https://antariyaofficial.com/product/6aafb88c8f9619417537e6cf,,https://res.cloudinary.com/doefhzx01/image/upload/v1789922359/antariya/products/6a15f3ab52b87a00a922c0d9/wsgxxd7zh0cmzbicosjj.jpg,299.00 INR,,,no,,,Antariya,,,"https://res.cloudinary.com/doefhzx01/image/upload/v1789922359/antariya/products/6a15f3ab52b87a00a922c0d9/fsddnepx85ervtgbzmks.jpg,https://res.cloudinary.com/doefhzx01/image/upload/v1789922359/antariya/products/6a15f3ab52b87a00a922c0d9/xjdcab3sxmflxn8wz9au.jpg,https://res.cloudinary.com/doefhzx01/image/upload/v1789922359/antariya/products/6a15f3ab52b87a00a922c0d9/fsddnepx85ervtgbzmks.jpg,https://res.cloudinary.com/doefhzx01/image/upload/v1789922359/antariya/products/6a15f3ab52b87a00a922c0d9/xjdcab3sxmflxn8wz9au.jpg",new,no,Beige,L,,IN,unisex,,Solid,adult,,,,,,,,6aafb88c8f9619417537e6cf,,,
260101602604,Antariya Braces | Premium Polyester | Unisex Everyday Streetwear Nach Green L,"Keep your everyday style clean, comfortable, and effortlessly distinctive with the Antariya Braces Edition. Designed with a contemporary aesthetic, this versatile T-shirt features a unique Braces gra…",in_stock,,,https://antariyaofficial.com/product/6aafb88c8f9619417537e6cf,,https://res.cloudinary.com/doefhzx01/image/upload/v1789922359/antariya/products/6a15f3ab52b87a00a922c0d9/wsgxxd7zh0cmzbicosjj.jpg,299.00 INR,,,no,,,Antariya,,,"https://res.cloudinary.com/doefhzx01/image/upload/v1789922359/antariya/products/6a15f3ab52b87a00a922c0d9/fsddnepx85ervtgbzmks.jpg,https://res.cloudinary.com/doefhzx01/image/upload/v1789922359/antariya/products/6a15f3ab52b87a00a922c0d9/xjdcab3sxmflxn8wz9au.jpg,https://res.cloudinary.com/doefhzx01/image/upload/v1789922359/antariya/products/6a15f3ab52b87a00a922c0d9/fsddnepx85ervtgbzmks.jpg,https://res.cloudinary.com/doefhzx01/image/upload/v1789922359/antariya/products/6a15f3ab52b87a00a922c0d9/xjdcab3sxmflxn8wz9au.jpg",new,no,Nach Green,L,,IN,unisex,,Solid,adult,,,,,,,,6aafb88c8f9619417537e6cf,,,
260101601904,Antariya Braces | Premium Polyester | Unisex Everyday Streetwear Grey L,"Keep your everyday style clean, comfortable, and effortlessly distinctive with the Antariya Braces Edition. Designed with a contemporary aesthetic, this versatile T-shirt features a unique Braces gra…",out_of_stock,,,https://antariyaofficial.com/product/6aafb88c8f9619417537e6cf,,https://res.cloudinary.com/doefhzx01/image/upload/v1789922359/antariya/products/6a15f3ab52b87a00a922c0d9/wsgxxd7zh0cmzbicosjj.jpg,299.00 INR,,,no,,,Antariya,,,"https://res.cloudinary.com/doefhzx01/image/upload/v1789922359/antariya/products/6a15f3ab52b87a00a922c0d9/fsddnepx85ervtgbzmks.jpg,https://res.cloudinary.com/doefhzx01/image/upload/v1789922359/antariya/products/6a15f3ab52b87a00a922c0d9/xjdcab3sxmflxn8wz9au.jpg,https://res.cloudinary.com/doefhzx01/image/upload/v1789922359/antariya/products/6a15f3ab52b87a00a922c0d9/fsddnepx85ervtgbzmks.jpg,https://res.cloudinary.com/doefhzx01/image/upload/v1789922359/antariya/products/6a15f3ab52b87a00a922c0d9/xjdcab3sxmflxn8wz9au.jpg",new,no,Grey,L,,IN,unisex,,Solid,adult,,,,,,,,6aafb88c8f9619417537e6cf,,,
260101602704,Antariya Braces | Premium Polyester | Unisex Everyday Streetwear Sky Blue L,"Keep your everyday style clean, comfortable, and effortlessly distinctive with the Antariya Braces Edition. Designed with a contemporary aesthetic, this versatile T-shirt features a unique Braces gra…",out_of_stock,,,https://antariyaofficial.com/product/6aafb88c8f9619417537e6cf,,https://res.cloudinary.com/doefhzx01/image/upload/v1789922359/antariya/products/6a15f3ab52b87a00a922c0d9/wsgxxd7zh0cmzbicosjj.jpg,299.00 INR,,,no,,,Antariya,,,"https://res.cloudinary.com/doefhzx01/image/upload/v1789922359/antariya/products/6a15f3ab52b87a00a922c0d9/fsddnepx85ervtgbzmks.jpg,https://res.cloudinary.com/doefhzx01/image/upload/v1789922359/antariya/products/6a15f3ab52b87a00a922c0d9/xjdcab3sxmflxn8wz9au.jpg,https://res.cloudinary.com/doefhzx01/image/upload/v1789922359/antariya/products/6a15f3ab52b87a00a922c0d9/fsddnepx85ervtgbzmks.jpg,https://res.cloudinary.com/doefhzx01/image/upload/v1789922359/antariya/products/6a15f3ab52b87a00a922c0d9/xjdcab3sxmflxn8wz9au.jpg",new,no,Sky Blue,L,,IN,unisex,,Solid,adult,,,,,,,,6aafb88c8f9619417537e6cf,,,
260101602405,Antariya Braces | Premium Polyester | Unisex Everyday Streetwear Skin XL,"Keep your everyday style clean, comfortable, and effortlessly distinctive with the Antariya Braces Edition. Designed with a contemporary aesthetic, this versatile T-shirt features a unique Braces gra…",in_stock,,,https://antariyaofficial.com/product/6aafb88c8f9619417537e6cf,,https://res.cloudinary.com/doefhzx01/image/upload/v1789922359/antariya/products/6a15f3ab52b87a00a922c0d9/wsgxxd7zh0cmzbicosjj.jpg,299.00 INR,,,no,,,Antariya,,,"https://res.cloudinary.com/doefhzx01/image/upload/v1789922359/antariya/products/6a15f3ab52b87a00a922c0d9/fsddnepx85ervtgbzmks.jpg,https://res.cloudinary.com/doefhzx01/image/upload/v1789922359/antariya/products/6a15f3ab52b87a00a922c0d9/xjdcab3sxmflxn8wz9au.jpg,https://res.cloudinary.com/doefhzx01/image/upload/v1789922359/antariya/products/6a15f3ab52b87a00a922c0d9/fsddnepx85ervtgbzmks.jpg,https://res.cloudinary.com/doefhzx01/image/upload/v1789922359/antariya/products/6a15f3ab52b87a00a922c0d9/xjdcab3sxmflxn8wz9au.jpg",new,no,Skin,XL,,IN,unisex,,Solid,adult,,,,,,,,6aafb88c8f9619417537e6cf,,,
260101601805,Antariya Braces | Premium Polyester | Unisex Everyday Streetwear Wine Pink XL,"Keep your everyday style clean, comfortable, and effortlessly distinctive with the Antariya Braces Edition. Designed with a contemporary aesthetic, this versatile T-shirt features a unique Braces gra…",in_stock,,,https://antariyaofficial.com/product/6aafb88c8f9619417537e6cf,,https://res.cloudinary.com/doefhzx01/image/upload/v1789922359/antariya/products/6a15f3ab52b87a00a922c0d9/wsgxxd7zh0cmzbicosjj.jpg,299.00 INR,,,no,,,Antariya,,,"https://res.cloudinary.com/doefhzx01/image/upload/v1789922359/antariya/products/6a15f3ab52b87a00a922c0d9/fsddnepx85ervtgbzmks.jpg,https://res.cloudinary.com/doefhzx01/image/upload/v1789922359/antariya/products/6a15f3ab52b87a00a922c0d9/xjdcab3sxmflxn8wz9au.jpg,https://res.cloudinary.com/doefhzx01/image/upload/v1789922359/antariya/products/6a15f3ab52b87a00a922c0d9/fsddnepx85ervtgbzmks.jpg,https://res.cloudinary.com/doefhzx01/image/upload/v1789922359/antariya/products/6a15f3ab52b87a00a922c0d9/xjdcab3sxmflxn8wz9au.jpg",new,no,Wine Pink,XL,,IN,unisex,,Solid,adult,,,,,,,,6aafb88c8f9619417537e6cf,,,
260101602505,Antariya Braces | Premium Polyester | Unisex Everyday Streetwear Beige XL,"Keep your everyday style clean, comfortable, and effortlessly distinctive with the Antariya Braces Edition. Designed with a contemporary aesthetic, this versatile T-shirt features a unique Braces gra…",in_stock,,,https://antariyaofficial.com/product/6aafb88c8f9619417537e6cf,,https://res.cloudinary.com/doefhzx01/image/upload/v1789922359/antariya/products/6a15f3ab52b87a00a922c0d9/wsgxxd7zh0cmzbicosjj.jpg,299.00 INR,,,no,,,Antariya,,,"https://res.cloudinary.com/doefhzx01/image/upload/v1789922359/antariya/products/6a15f3ab52b87a00a922c0d9/fsddnepx85ervtgbzmks.jpg,https://res.cloudinary.com/doefhzx01/image/upload/v1789922359/antariya/products/6a15f3ab52b87a00a922c0d9/xjdcab3sxmflxn8wz9au.jpg,https://res.cloudinary.com/doefhzx01/image/upload/v1789922359/antariya/products/6a15f3ab52b87a00a922c0d9/fsddnepx85ervtgbzmks.jpg,https://res.cloudinary.com/doefhzx01/image/upload/v1789922359/antariya/products/6a15f3ab52b87a00a922c0d9/xjdcab3sxmflxn8wz9au.jpg",new,no,Beige,XL,,IN,unisex,,Solid,adult,,,,,,,,6aafb88c8f9619417537e6cf,,,
260101602605,Antariya Braces | Premium Polyester | Unisex Everyday Streetwear Nach Green XL,"Keep your everyday style clean, comfortable, and effortlessly distinctive with the Antariya Braces Edition. Designed with a contemporary aesthetic, this versatile T-shirt features a unique Braces gra…",in_stock,,,https://antariyaofficial.com/product/6aafb88c8f9619417537e6cf,,https://res.cloudinary.com/doefhzx01/image/upload/v1789922359/antariya/products/6a15f3ab52b87a00a922c0d9/wsgxxd7zh0cmzbicosjj.jpg,299.00 INR,,,no,,,Antariya,,,"https://res.cloudinary.com/doefhzx01/image/upload/v1789922359/antariya/products/6a15f3ab52b87a00a922c0d9/fsddnepx85ervtgbzmks.jpg,https://res.cloudinary.com/doefhzx01/image/upload/v1789922359/antariya/products/6a15f3ab52b87a00a922c0d9/xjdcab3sxmflxn8wz9au.jpg,https://res.cloudinary.com/doefhzx01/image/upload/v1789922359/antariya/products/6a15f3ab52b87a00a922c0d9/fsddnepx85ervtgbzmks.jpg,https://res.cloudinary.com/doefhzx01/image/upload/v1789922359/antariya/products/6a15f3ab52b87a00a922c0d9/xjdcab3sxmflxn8wz9au.jpg",new,no,Nach Green,XL,,IN,unisex,,Solid,adult,,,,,,,,6aafb88c8f9619417537e6cf,,,
260101601905,Antariya Braces | Premium Polyester | Unisex Everyday Streetwear Grey XL,"Keep your everyday style clean, comfortable, and effortlessly distinctive with the Antariya Braces Edition. Designed with a contemporary aesthetic, this versatile T-shirt features a unique Braces gra…",in_stock,,,https://antariyaofficial.com/product/6aafb88c8f9619417537e6cf,,https://res.cloudinary.com/doefhzx01/image/upload/v1789922359/antariya/products/6a15f3ab52b87a00a922c0d9/wsgxxd7zh0cmzbicosjj.jpg,299.00 INR,,,no,,,Antariya,,,"https://res.cloudinary.com/doefhzx01/image/upload/v1789922359/antariya/products/6a15f3ab52b87a00a922c0d9/fsddnepx85ervtgbzmks.jpg,https://res.cloudinary.com/doefhzx01/image/upload/v1789922359/antariya/products/6a15f3ab52b87a00a922c0d9/xjdcab3sxmflxn8wz9au.jpg,https://res.cloudinary.com/doefhzx01/image/upload/v1789922359/antariya/products/6a15f3ab52b87a00a922c0d9/fsddnepx85ervtgbzmks.jpg,https://res.cloudinary.com/doefhzx01/image/upload/v1789922359/antariya/products/6a15f3ab52b87a00a922c0d9/xjdcab3sxmflxn8wz9au.jpg",new,no,Grey,XL,,IN,unisex,,Solid,adult,,,,,,,,6aafb88c8f9619417537e6cf,,,
260101602705,Antariya Braces | Premium Polyester | Unisex Everyday Streetwear Sky Blue XL,"Keep your everyday style clean, comfortable, and effortlessly distinctive with the Antariya Braces Edition. Designed with a contemporary aesthetic, this versatile T-shirt features a unique Braces gra…",in_stock,,,https://antariyaofficial.com/product/6aafb88c8f9619417537e6cf,,https://res.cloudinary.com/doefhzx01/image/upload/v1789922359/antariya/products/6a15f3ab52b87a00a922c0d9/wsgxxd7zh0cmzbicosjj.jpg,299.00 INR,,,no,,,Antariya,,,"https://res.cloudinary.com/doefhzx01/image/upload/v1789922359/antariya/products/6a15f3ab52b87a00a922c0d9/fsddnepx85ervtgbzmks.jpg,https://res.cloudinary.com/doefhzx01/image/upload/v1789922359/antariya/products/6a15f3ab52b87a00a922c0d9/xjdcab3sxmflxn8wz9au.jpg,https://res.cloudinary.com/doefhzx01/image/upload/v1789922359/antariya/products/6a15f3ab52b87a00a922c0d9/fsddnepx85ervtgbzmks.jpg,https://res.cloudinary.com/doefhzx01/image/upload/v1789922359/antariya/products/6a15f3ab52b87a00a922c0d9/xjdcab3sxmflxn8wz9au.jpg",new,no,Sky Blue,XL,,IN,unisex,,Solid,adult,,,,,,,,6aafb88c8f9619417537e6cf,,,
